ID,명칭,우편번호,관리자,전화번호,주소,위도,경도,개요,문의 및 안내,규모,수용인원,이용시간,쉬는날,이용요금,할인정보,관람소요시간,주차시설,주차요금,유모차 대여 여부,애완동물 동반 가능 여부,신용카드 가능 여부,상세정보
"1019294","서울특별시교육청 정독도서관","03055","","","서울특별시 종로구 북촌로5길 48 ","37.5797611278","126.9832368815","정독도서관은 서울 종로구 북촌에 위치한 옛 경기고등학교 자리에 1977년 1월에 개관한 서울시립공공도서관이다. 49만 여권의 장서와 16 300여 점의 비도서 자료를 소장하고 있으며  부설 서울교육사료관에는 12 000여점의 교육 사료를 소장하고 있다. 도서 대출  자료실 및 열람실 이용 외에도 매월 작가초청 강연회와 사진전 그리고 독서회  인형극  음악회  댄스공연 등의 문화프로그램을 운영한다. 봄에는 정독도서관 주변으로 벚꽃이 만개하여 데이트 장소로 떠오르고 있으며 인근 삼청공원에서 삼청동 벚꽃축제가 열린다.","","대지 36,470㎡, 건물 13,247㎡ (3개동)","","[인문사회자연과학실, 어문학·족보실]<br>
평일 09:00 ~ 20:00<br>주말 09:00 ~ 17:00<br>
[어린이실, 청소년관, 다국어·연속간행물실, 디지털자료실, 서울교육박물관]
<br>평일 09:00 ~ 18:00<br>주말 09:00 ~ 17:00 <br>
[자율학습실, 노트북실]<br>
3월~10월(하절기): 7:00 - 22:00<br />
11월~2월(동절기): 8:00 - 22:00","[정기휴관일]<br>매월 첫째, 셋째 수요일,일요일을 제외한 법정공휴일<br>(공휴일과 일요일이 겹칠 경우, 휴관)<br> [임시휴관일]<br>도서관 사정으로 임시로 정하는 휴일","무료","","","가능 (44대)<br>※ 대형버스 25인승 초과 차량 주차 불가","무료주차<br>확인자에 한하여 60분까지 무료(1일 1회에 한함)<br>60분 후 5분 초과 시마다 190원씩 가산<br>
※ 주차할인<br>장애인 스티커부착<br>국가 유공자 증서 소지자 80%할인<br>경차 50% 할인 등<br>
※ 이용시간 : 07:00~22:30<br>","없음","","없음","체험프로그램:작가초청 강연회 / 사진전 / 독서회
"
"1019327","긱 라이브하우스","04057","","","서울특별시 마포구 신촌로10길 7 (동교동) ","37.5564379211","126.9320588728","긱 라이브하우스는 대한민국 인디 문화와 그 맥을 함께 해 온 홍대 거리의 라이브클럽이다. 공연 위주의 전문 클럽으로  2003년 2월 프로 뮤지션들이 뜻을 모아 만든 인디씬의 성지이다. 프로 뮤지션들이 주축이 된 만큼 무대  음향  조명 시설 모두 수준급이다. 인디밴드의 기획 공연은 물론  프로에서 아마추어 대관 공연에 이르기까지 폭넓고 다양한 공연이 펼쳐지는 것이 특징이다. 좌석과 스탠딩 모두 합쳐 150여 명이 동시 수용되며 하루에 3~4팀의 인디밴드 공연을 감상할 수 있다.
한국 인디 음악의 현주소와 홍대 클럽 문화의 일면을 체험할 수 있는 곳으로 스트리밍 공연이 가능하도록 새로 단장하였다. 전문가 및 전문 장비를 보유하여 감각적이고 세련된 연출을 통한 새로운 경험을 제공한다. 음악 콘텐츠 제작은 물론 온라인 강의  라이브 커머스 방송까지 가능한 다목적 공간으로 활용이 가능하다.","","","","공연 별로 상이함","공연 별로 상이함","공연 별로 상이함","","","불가능","","없음","","없음","소장품현황:디지털 콘솔 / 음향장비  / 조명 등 공연장비
사업내용:기획공연 / 대관공연 등
"
"1022196","명보아트홀","04549","","","서울특별시 중구 마른내로 47 (초동) ","37.5647463847","126.9932030652","서울의 중심 을지로3가에 위치한 명보아트홀은 반세기의 전통과 명성을 가진 (구)명보극장을 리모델링하여 2008년 재개관하였으며  현재는 전문공연장으로 이루어진 복합문화공간이다. 1957년 현대 문화의 대표적인 발상지로서 개관한 (구)명보극장으로 시작하여 글로벌 복합문화공간 도약의 비전을 목표로 세계적인 문화 콘텐츠 개발과 보급에 힘쓰고 있는 명보아트홀은 국내 대표 공연관광의 랜드마크가 되고자 기업과 문화의 융합을 바탕으로 상생의 새로운 사업모델을 구축하기 위하여 꾸준히 정진하고 있다.","","","- 라온홀 334석<br>- 다온홀 318석<br>- 가온홀 333석","10:30~18:00","연중무휴","공연 별로 상이함","","공연 별로 상이함","불가능","","없음","","없음","대관안내:* 대관 대상 : 뮤지컬  오페라  연극  콘서트  무용 등 공연을 목적으로 하는 공연예술단체<br />
* 대관 시설 : 명보아트홀 가온홀(354석) B3   하람홀(226석) 6F<br />
* 명보아트홀 홈페이지에서 대관신청서와 공연계획서 양식 다운로드<br />
* 대관문의 및 접수<br />
- 접수방법 : 우편 또는 직접 방문 접수 또는 이메일 접수<br />
- 대관문의 : 02-2274–2121 명보아트홀 공연사업부
"
"1022243","롤링홀","04048","","","서울특별시 마포구 어울마당로 35 (서교동) ","37.5485497360","126.9201324048","10년간 홍대라이브클럽 운영을 통하여 얻은 노하우를 바탕으로 다변화된 현문화시장에서 선진 공연문화를 정착해 나가며 대중과 예술인 사이의 거리를 좁히기 위해서 롤링홀을 설립하였다. 롤링홀은 국내외 유명 뮤지션부터 언더그라운드 뮤지션  인디밴드에 이르기까지 팝 음악에서부터 힙합  재즈 발라드  락까지 다양한 공연을 펼칠 수 있는 열린 공간이다. 무대와 객석이 하나가 되어 함께 즐길 수 있으며 뮤지션과 관객이 허물없이 함께 호흡할 수 있는 자유로운 공간이다. 홍대 라이브클럽의 자유로운 분위기를 한층 업그레이드된 시설 안에서 즐길 수 있으며  대규모 라이브 공연장에서 느낄 수 없는 친근하고 편안한 분위기의 공연을 즐길 수 있다. 최신 설비를 통하여 쾌적한 라이브환경을 조성하였으며  뛰어난 음향 시스템과 화려한 조명 시스템을 도입하여 양질의 공연을 펼치고 관람할 수 있도록 하였다. 사운드  조명  무대시설은 다양한 복합 문화공간으로 활용할 수 있도록 기획  시공되었다.","","","- 좌석 200석<br>- 스탠딩 500명","12:00~22:00<br>
※ 공연 별로 상이함","연중무휴<br>※ 공연 별로 상이함","공연 별로 상이함","","","불가능","","불가","","가능",""
"1113537","양천문화회관","08094","","","서울특별시 양천구 목동서로 367 ","37.5164580059","126.8633162653","양천문화재단에서 운영하고 있는 양천문화회관은 지역 주민들을 위한 문화예술 공간으로  양천구 문화의 중심지로 자리매김해 왔다. 다양한 공연과 전시  문화 프로그램을 통해 주민들에게 예술적 영감을 주고 있다. 현대적인 시설과 우수한 음향  조명 장비를 갖추고 있어 다양한 장르의 공연을 소화할 수 있다. 수준 높은 공연  축제  전시를 개발하여 양천구 문화의 새로운 가능성을 발견하고  지역문화진흥과 구민문화 향유의 구심점이 되고자 한다.","","","- 대극장 684석(층 478석 / 2층 206석)<br>- 해바라기홀 230석","- 평일 08:00~22:00<br>
- 주말 및 공휴일 09:00~22:00","연중무휴","시설 별로 상이함","","","가능","30분 무료 / 이후 10분 당 300원","없음","","가능",""
"129730","유니버설아트센터","04991","","","서울특별시 광진구 천호대로 664 (능동) ","37.5510746653","127.0872782179","재단법인 효정한국문화재단이 운영하고 있는 유니버설아트센터는 1981년 11월 리틀엔젤스예술회관으로 개관하여 다목적 문화예술공간으로 각광받다가 2007년 유니버설아트센터로 명칭을 변경하였다. 2009년 객석 리모델링을 통해 현재의 모습을 갖춘 후 최상의 공연을 즐길 수 있는 공연장으로 새 출발 하였다.
지상 4층 규모의 유니버설아트센터는 세월이 지나도 변치 않는 가치(Timeless Value)를 모토로 하여 유럽 오페라하우스 풍의 화려하고 클래식한 건축 인테리어로 독창성을 인정받고 있다. 특히  건축의 마지막 작업인 장식의 몰딩은 9개국의 몰딩 전문가 12명이 수작업을 통해 2년에 걸쳐 완공하여 국내 공연장으로서는 유일무이하게 그 견고한 아름다움을 자랑하고 있다.
주요 시설로는 국내에서 가장 아름다운 객석 경관을 갖춘 대극장  세미나 또는 만찬을 개최할 수 있는 루나홀  관객들이 한 동선에서 원스텝(one-step)으로 서비스를 받을 수 있는 메인 로비  클래식한 분위기의 카페  24개의 바톤과 메인 스테이지 및 사이드 스테이지를 갖춘 무대  80명의 아티스트를 수용할 수 있는 쾌적한 분장실 등을 갖추고 있다.
유니버설아트센터에는 세계 정상의 유니버설발레단  최고의 발레 교육 시스템을 갖춘 유니버설발레단 부설 발레 아카데미  노래하고 춤추는 외교사절 리틀엔젤스예술단  아티스트의 산실 선화예술학교가 있어 공연장  예술단체  예술교육기관이 함께 어우러져 참다운 예술 가치를 실현하고자 노력하고 있다.","","","- 대극장 1,082석(1층 572/ 발코니층 164석 / 2층 346석/ 휠체어석 10석)<br>- 루나홀 300명","공연 별로 상이함","매주 월요일","공연 별로 상이함","","공연에 따라 상이","가능 (약 150대)","[일반요금] 1시간 3,000원 / 10분당 500원<br>
[공연관객 할인요금]<br>
- 어린이 공연용 2시간 2,000원 <br>
- 성인 공연용 4시간 4,000원","없음","","가능","사업내용:공연 / 행사 / 영화 / CF촬영 / 패션쇼 / 카달록 촬영 등
"
"129742","롯데월드 가든스테이지","05554","","","서울특별시 송파구 올림픽로 240 (잠실동) ","37.5123821225","127.0976311526","롯데월드 가든스테이지는 롯데월드 내에 있는 공연장이다. 롯데월드의 중심에 자리 잡고 있으며  다양한 문화 행사와 공연이 진행된다. 음악회  댄스 공연  마술쇼 등 다양한 프로그램이 진행되며  계절마다 특별한 이벤트가 마련된다. 다채로운 공연은 관람객들에게 즐거운 경험을 선사한다. 롯데월드를 찾는 이들에게 특별한 경험을 선사하며  방문객들에게 잊지 못할 추억을 만들어준다.","","","52석","공연 별로 상이함<br>
※ 홈페이지 참조","연중무휴","롯데월드 입장 시 무료","","","가능 (5,400대)","종합이용권 이용 시 당일 3시간 무료","가능","","가능","사업내용:각종 공연 및 콘서트
"
"129749","한국의집","04626","","","서울특별시 중구 퇴계로36길 10 (필동2가) ","37.5602774831","126.9945141838","한국의집은 1957년 국내·외 귀빈을 위한 영빈관으로서 한국의 전통문화와 아름다움을 소개하기 위하여 설립되었다. 이후 대대적인 개·보수와 생생한 역사의 현장을 거쳐 현재 한국의집은 고품격 복합문화공간으로서 한국의 아름다운 전통문화를 보존 및 보급하고 있다. 전통한식  전통예술공연 등이 운영되고 있으며  비즈니스 행사나 촬영 등을 위한 대관장소로도 이용할 수 있다.
궁중음식 파인 다이닝에서는 조선왕조 궁중 및 반가음식을 기반으로 한 한정식 코스로 다채로운 한식을 고급스럽고 모던한 상차림으로 선보인다. 고풍스러운 한옥에서 품격 있는 한식의 향연을 만나볼 수 있다.
전통다과 고호재는 ‘옛 것을 좋아하는 이들의 집’이란 지닌 한국의집 프리미엄 궁중다과 브랜드이다. 1인 소반에 정성스레 차려낸 전통차와 제철 재료로 빚은 떡  한과 등의 다과상과 함께 일상의 달콤한 여유를 즐길 수 있다. 도심 속 한옥의 정취와 함께 전통다과의 깊은 맛을 경험할 수 있다.
1981년 창단한 국가유산진흥원 소속 예술단은 전 세계를 누비며 한국의 아름다움을 알려온 국내 최고 수준의 전통 무용단이다. 오랜 역사만큼이나 다채로운 공연 레퍼토리와 독보적인 기량으로 압도적인 예술무대를 선보인다. 고객의 요청사항에 맞게 공연 레퍼토리를 구성할 수 있다.
한국의집은 문화체육관광부와 한국관광공사가 선정한 ‘코리아 유니크 베뉴이다. 고유의 헤리티지를 보유한 한국의집은 한옥  한식  전통공연 등 다양한 문화유산 콘텐츠를 한곳에서 즐길 수 있는 공간으로 특별한 행사에 품격과 의미를 더한다. 비즈니스 모임 장소뿐만 아니라 영화  드라마  유튜브 등 다양한 목적을 위한 촬영장소로도 자주 이용되며  패션잡지  BTS 빌보드 매거진 커버 촬영도 이루어진 바 있는 촬영명소라고 할 수 있다. 

◎ 한류의 매력을 만나는 여행 정보
2018년  BTS가 메인 모델을 장식한 빌보드 매거진 커버 사진을 보면 배경의 고풍스러운 한옥 건물을 발견할 수 있다. 이곳은 한국문화재재단이 운영하는 전통문화 공간 ‘한국의집’이다. 한정식부터 전통문화체험  전통예술 공연 등 다양한 한국의 역사와 문화를 경험할 수 있는 공간으로 가장 한국적인 것이 무엇인지 궁금하다면  ‘한국의집’을 찾아가 볼 것을 추천한다.","","","민속극장 156석","- 주간 08:00~22:00<br>
- 야간 22:00~익일 08:00<br>
※ 위 시간은 대관 가능 시간임","매주 월요일 / 설·추석 연휴","","","","가능 (약 80대)","무료","없음","","가능","체험프로그램:
예약안내:
"
"129760","환기미술관","03020","","","서울특별시 종로구 자하문로40길 63 (부암동)","37.5940980426","126.9661269237","환기미술관은 1992년 11월 수화 김환기를 기리고 현대미술의 발전에 공헌하고자 건축가 우규승의 설계로 서울에 개관하였다. 한국현대미술을 대표하는 김환기의 예술세계를 널리 알리기 위해 매년 김환기 연구 특별기획전과 도록을 발간하고 있으며 ‘근현대작가 연구’  ‘수화가 만난 사람들’  ‘환기미술관 공간프로젝트’  ‘환기재단 작가전’과 같은 현대작가와 동시대 작가들 전시뿐만 아니라 ‘프리환기’ 공모전을 통하여 다양한 분야에서 활동하는 젊은 예술가들의 창작활동을 지원하고 있다. 또한 ‘치매어르신 예술프로그램’ ‘아트온’ ‘아트띵크’ 등과 같은 교육프로그램을 통해 시민사회를 위한 공공교육기관으로서의 역할도 담당하고 있다. 이는 예술가가 남긴 훌륭한 예술세계가 시간과 더불어 우리 문화유산으로 역사에 남는다는 설립자의 신념에서 출발한 것이다. 앞으로도 환기미술관은 기관의 미래 비전인 “예술로써 소통하는 사회로의 꿈”을 실현하기 위해 더욱 노력할 것이다.","","","","10:00~18:00","매주 월요일 / 1월 1일 / 설날·추석","※ 전시별 상이하므로 홈페이지 참고","","","가능","무료","없음","","없음","체험프로그램:전시연계 교육프로그램
"
"129811","국립고궁박물관","03045","","","서울특별시 종로구 효자로 12 (세종로) ","37.5766446750","126.9749904992","1992년 궁중유물전시관으로 설립되었다. 조선시대와 대한제국기의 격조 높은 왕실유물을 전시하여 조선왕조에 대한 올바른 이해와 역사관을 정립하고자 조선왕조 정궁인 경복궁과 연계한 문화 공간으로 조성되어 광복 60주년이던 2005년 8월 15일에 국립고궁박물관으로 명칭을 변경하였고   2007년 11월에 전면 개관하였다. 조선시대 최고 수준의 문화와 정신이 집약되어 있는 왕실 유물의 과학적이고 체계적인 보존과 복원을 통해 다양하고 시의성 있는 왕실 문화 전시를 기획하고  왕실 소장품을 꾸준히 확충하여 전시 유물을 확대해나가고 있다. 또한 왕실 문화를 주제로 한 다양한 교육 프로그램을 운영하고  국내‧외의 왕실 문화 기관과의 교류 활성화에도 많은 노력을 하고 있다. 이를 통해 품격 있는 왕실 문화유산의 의미를 관람객에게 전달하며 조선 왕실과 대한제국 황실의 가치를 전달하고자 한다.","","","","10:00~18:00<br>
※ 단, 수요일 / 토요일 10:00~21:00","1월 1일 / 설·추석 당일","무료","","","가능","","없음","","없음","체험프로그램:※ 일정 및 연령 별로 진행하는 프로그램이 상이하므로 자세한 사항은 홈페이지 참조
"
"129818","건국대학교 박물관","05029","","","서울특별시 광진구 능동로 120 ","37.5428781974","127.0763072274","건국대학교 박물관은 고고  역사  미술  민속  학교역사자료 등 6천여 점을 소장하고 있는 종합박물관이다. 1963년 개관 이래 동국정운(국보 제142호)  율곡 이이 선생가 분재기(보물 제477호) 등 귀중한 문화유산을 수집  보존  전시하고 있다. 설립자 상허 유석창 박사의 기념관으로 상허선생의 삶과 활동을 보여주는 다양한 학교역사자료와 유품을 상설 전시하고 있다. 또한 대학인과 지역주민을 대상으로 박물관대학(인문학강좌  문화유적답사)을 운영하고 있으며  소장품의 데이터베이스 구축  특별전시  역사·문화 교육 등 복합문화공간으로서의 기능을 확대하고 있다.","","","","10:00~16:00<br>
※ 단, 12:00~13:00 미개방","매주 토요일, 일요일 / 공휴일","무료","","약 30분","가능","","없음","","없음","체험프로그램:문화강좌 / 유적답사
예약안내:
"
"129828","서울시립대학교 박물관","02504","","","서울특별시 동대문구 서울시립대로 163 (전농동) ","37.5835175384","127.0550691177","서울시립대학교 박물관은 우리 민족의 소중한 문화유산을 조사  수집  보관  전시하며  이를 통해 학생들의 교육활동을 지워하고 인근주민들에게는 가까운 문화공간으로 기능한다는 목적으로 1984년 9월 4일 개관하였다. 그동안 각종 특색 있는 특별전을 꾸준히 개최하여 왔고  발굴 지표조사활동  초청강연회 등을 통하여 연구 조사 및 교육활동에도 노력을 기울여 왔다. 특히 서울시립대학교 박물관은 대부분의 박물관에서 소외되고 있는 근현대사자료 전문 박물관에서 소외되고 있는 근현대사자료 전문박물관으로 발돋움한다는 새로운 목표를 세우고 유물수집 및 특별전시 등을 통해 정체성을 확립해 나가고자 노력하고 있다.","","","","10:00~17:00 (휴게시간 12:00~13:00)","매주 토요일~일요일 / 공휴일","무료","","약 30분","가능","- 최초 15분 무료<br>
- 최초 30분 1,000원 / 초과 5분당 250원","없음","","없음","사업내용:문화재의 수집·보존 및 과학적 관리 / 문화유적 발굴·조사·연구 / 각종 전시 / 연구서 간행 / 학내 학생교육용 자료제공 등
"
"129833","경희대학교 중앙박물관","02447","","","서울특별시 동대문구 경희대로 26 (회기동) ","19.6944274800","117.9925662504","경희대학교 중앙박물관은 1956년 개관한 이래 고고역사민속 중심의 제1종 종합 박물관으로서 학술  교육  전시  문화재 지표 및 발굴조사 등 다양한 활동을 통하여 대학 문화를 선도하고 있다. 박물관 전시실은 고고역사실  무속실·시베리아실   옹관실  중앙전시실  기획전시실  IAUP기념관으로 구성되어 있다. 
중앙박물관을 방문하면 가장 먼저 중앙 전시실을 접하게 된다. 고고역사실은 선사실  삼국실  금관실  고려시대실  도자기실  신라실  와당실로 구분되어 있으며  구석기시대부터 삼국시대에 이르기까지 다양한 유물들이 전시되어 있다. 무속실은 무속 관련 도구와 무신도들을 전시해 두었으며  시베리아실에서는 시베리아 지역의 민속 유물들을 전시하고 있다. 옹관실은 영암 내동리 출토 옹관과 동반 유물들을 전시하고 있으며  IAUP 기념관에는 세계대학총장회의 관련한 자료들을 전시하고 있다.","","","","10:00~17:00","매주 토요일~일요일 / 법정공휴일","무료","","약 1시간","가능","","없음","","없음","소장품현황:6 000여 점 소장 / 2 500여 점 전시
사업내용:문화재보존 및 과학적 관리 / 문화재 발굴·조사·연구 / 국내외 유물출품 전시 / 각종 특별전시 / 공개강좌 / 박물관 현장학습 등
"
"129903","동산방화랑","03149","","","서울특별시 종로구 인사동9길 35 (견지동)","37.5729202581","126.9833592862","동산방화랑은 전통 회화에서 현대미술로 이어지는 전시를 하는 갤러리이다. 개관 이후 한국 고유의 미감을 간직한 전통 회화와 근대미술과 시대적 가치를 반영하는 현대미술로 이어지는 전시를 통해 한국 화랑의 중추적 역할을 해왔다. 그리고  근현대 미술의 주요 작가의 작품 소개와 역량 있고 새로운 젊은 작가의 작업을 알리기 위한 기획을 하고 있고  중국 미술을 포함한 아시아 미술도 소개하고 있다.
한국화 위주의 전시 및 상설전을 주로 개최하며  서양화 및 동양화  조각  판화와 한국  중국의 목판화 상설전을 개최하기도 한다. 또  새롭고 창의적인 작품 세계를 가진 역량 있는 작가를 소개하는 전시와 차세대 유망 신진작가의 발굴을 위해 젊은 작가 전시도 기획하고 있다. 한국 화랑 분야의 1세대 화랑으로 대가  중진  중견작가들과도 돈독한 관계를 유지하고 있는 화랑이다.","","제1 전시실  20평<br>
제2 전시실  20평<br>
제3 전시실  20평","","월~금요일 09:00~18:00 / 토요일 09:00~12:30","매주 일요일 / 공휴일","무료(특별전의 경우 유료)","","","가능 (인근 공영주차장)","유료","없음","","가능","사업내용:상설전시 및 기획 초대전시  동양화 표구
외국어 안내서비스:영어  일본어 안내 가능
"
"129907","조형갤러리","03162","","","서울특별시 종로구 인사동5길 29 ","37.5719870597","126.9848258458","조형갤러리는 여러 분야의 미술을 소개하는 대형 전시 공간이다.
1990년 관훈동에 개관한 이후 2002년 인사동으로 더 넓게 확장 이전하였으며  회화제 및 인사포럼과 역량 있는 작가의 기획전시와 대관 전시를 통해 여러 분야의 미술을 소개하고 있다.
조형 갤러리 전시 공간의 주요 부분은 좌우 15m의 정사각형 형태이고  나머지 부분은 좌우 4m  6m의 전시 공간이며 천장의 높이는 3m로 구성되어 있다. 정사각형 구조와 높은 천장으로 이루어진 전시 공간은 전시작품이 한눈에 들어올 수 있게 하는 시원한 구도이다. 또  가벽을 설치하여 자연스럽게 여러 가지 형태의 전시 공간을 만들어 많은 작품을 전시할 수 있고  자신만의 독특한 전시 형태를 연출 할 수도 있다.","","전시장 80평","","10:30~18:30","연중무휴","무료","","","가능","유료","없음","","없음","체험프로그램:어린이 대상 미술체험교실을 여름방학 중에 연다. 성인대상 프로그램 '크로아키'를 매주 목요일에 연다.

소장품현황:유화를 중심으로 수채화 등 다수

사업내용:그림  조각  사진 기획전시  기타 상설전시  대관
외국어 안내서비스:한국어  영어 안내 서비스 가능
"
"129912","세종호텔 세종갤러리","04537","","","서울특별시 중구 퇴계로 145 (충무로2가) ","37.5613355768","126.9879953030","세종갤러리는 1961년 한국 미술계의 거장 김흥수 화백의 초대전을 시작으로  그동안 폭넓고 깊이 있는 미술감상의 기회를 제공해 왔다. 1992년에는 세종호텔 1층 로비에 재개관하여 진취적이고 역량 있는 작가 분들을 모시며 다양한 전시를 기획  주관하고 있다. 뿐만 아니라 확장된 개념의 전시로써 전시장 이외의 호텔 공공장소 및 각 레스토랑을 갤러리화 하여 좋은 반응을 얻고 있다. 그 결과 컬렉터의 충족은 물론  미술 애호가 및 일본  유럽  미국 등의 외국인 호텔 투숙객들에게도 미술을 마음껏 감상할 수 있는 문화공간으로 확고히 자리매김하게 되었다.
아울러 2003년 세종갤러리는 새로운 고품격 미술문화의 장을 열어나가고자 외부에서도 작품 감상할 수 있는 쇼윈도갤러리를 건립하였으며  2012년 하반기에 대대적인 갤러리 리뉴얼 공사를 통해 새로운 호텔형 복합문화공간으로 탈바꿈하였다. 2013년에는 지하의 공간을 갤러리로 리모델링하여 제2갤러리를 오픈하였다. 현재 세종갤러리는 지상 1층  지하 1층  쇼윈도갤러리로 이루어져 기존의 평면적인 갤러리와는 확연히 다른 공간의 차이를 느낄 수 있으며  각 공간에 걸맞은 다채로운 전시를 선보이고 있다.","","","","11:00~20:00","연중무휴","무료","","","가능","30분당 2,000원","불가","","없음","사업내용:기획전시 / 대관 / 렌탈 및 판매(그림)
대관안내:
"
"130154","성곡미술관","03175","","","서울특별시 종로구 경희궁길 42 (신문로2가)","37.5735143878","126.9696605179","성곡미술문화재단의 성곡미술관은 쌍용그룹 창업자 故 성곡 김성곤 선생의 기업을 통한 사회봉사의 정신을 미술 문화로 구현하고자 설립된 순수 공익단체로서 1995년에 개관하였다. 서울특별시 종로구에 자리하며  주로 소규모 현장 기념관의 주제전과 현대 미술작가를 지원하기 위해 개인전  국제전 등을 개최한다. 본관  별관과 조각공원이 있으며  부대 시설로는 찻집과 아트샵이 있다.
우리의 전통적인 얼과 정신  우리의 정서와 미감을 현대적으로 해석한 기획전을 집중적으로 개최하며 [성곡미술대]  [내일의 작가상]을 통해 신인 미술가를 발굴하고 지원한다. 국내외 예술가를 지원하는 큐레이터 프로그램을 도입하여 현대 미술에 대한 이해를 높이는 것을 목표로 하고 있다.","","","","10:00~18:00 (입장 마감 17:30)","매주 월요일","[일반]<br>- 7,000원<br>[청소년]<br>- 5,000원<br>[어린이]<br>- 3,000원<br>[국가유공자, 장애인, 만 65세 이상]<br>- 5,000원<br>※ 이용요금은 변동될 수 있으므로 홈페이지 참조 또는 전화 문의 요망","","","가능","","없음","","가능","사업내용:전시사업(본관 - 기획전  별관 - 성곡미술대상  내일의 작가상 등)  아카데미
체험프로그램:어린이 체험 프로그램
"
"130173","국립현대미술관 덕수궁","04519","","","서울특별시 중구 세종대로 99 ","37.5657876002","126.9748047119","국립현대미술관 덕수궁은 한국 근대미술을 품은 고궁 속 미술관이다. 우리나라 근대미술의 형성과 전개 과정을 체계화하여 근대미술에 나타난 미의식과 역사관을 정립함으로써 궁극적으로 우리 민족의 문화적 정체성을 구현하기 위한 목적으로 설립되었다.
미술관이 자리한 덕수궁의 석조전 서관은 1938년에 완공된 우리나라 근대 건축양식을 대표하는 건물로서 4개의 전시실과 휴게공간  아트숍 등을 갖추고 있다. 국립현대미술관 덕수궁은 근대미술 전문기관으로서 근대미술의 조사와 연구  근대미술 관련 기획전 및 소장품을 전시하고 각종 교육프로그램의 개발과 운영  학술 활동과 출판  근대미술 관련 정보의 국제적 교류 등 다양한 사업을 추진하고 있다. 1998년 개관 이래 2005년까지 총 38회의 기획 및 소장품 전시를 개최하였으며  약 250만 명의 관람객이 미술관을 찾았다. 그뿐만 아니라 작품설명회  강연회 등의 학술행사를 개최하여 미술 전반에 관한 이해를 돕고 있으며  다양한 교육프로그램을 개발하고 운영하여 도심 속에 있는 복합문화공간으로써의 역할을 하고 있다. 수도권 지하철 1  2호선 시청역 1번 출구에서 70m에 있다.","","","","화, 목, 금, 일 : 10:00~18:00<br>
수, 토 : 10:00~21:00 (야간개장 무료 관람 시간 18:00~21:00)<br>
※ 덕수궁 정문 20시 입장 마감","매주 월요일, 1월 1일","관람료의 경우 전시에 따라 달라질 수 있음으로 자세한 안내는 전시 소개 페이지 참고<br>※ 덕수궁 관람료는 별도<br>※ 무료관람 : 수요일/토요일 야간개장 무료 관람 시간 (18:00~21:00) / 매월 마지막 수요일 문화가 있는 날","","","불가 (인근 유료주차장 이용)","","없음","","없음","체험프로그램:청소년 : 청소년 학급 단체 작품 감상 교육프로그램(온라인) / 성인 : 전시 연계 프로그램
예약안내:단체관람을 희망하는 유치원  초·중·고등학교는 반드시 예약을 해야 하며  관람 희망일 1일전까지 단체관람 준수사항에 동의 후 신청해야 한다.
"
"130182","국립공원 산악박물관","01300","","","서울특별시 도봉구 도봉산길 86 (도봉동) ","37.6871579053","127.0351735342","국립공원 산악박물관은 공공기관 최초의 산악박물관으로  2011년 10월 1일 개관하였다. 이 박물관은 한국의 산악역사와 문화를 전달하고  안전산행의 필요성을 강조하기 위해 대한산악연맹으로부터 200점  일반 산악인들로부터 1 000여 점의 기증을 받아 총 1 200점의 물품과 장비를 전시하고 있다.
또한  박물관 북카페에서는 약 4 200권의 산악잡지 및 전문서적이 전시되어 있어 산악문화를 엿볼 수 있으며  방문객들은 자유롭게 열람할 수 있다.","","","","10:00~17:00 (휴게시간 12:00~13:00)","매주 월요일~화요일 / 1월 1일 / 설·추석 연휴","무료","","","불가능","","없음","","없음",""
"130209","서울 중구문화원","04541","","","서울특별시 중구 청계천로 86 (장교동) ","37.5675737144","126.9865424811","중구문화원은 1995년에 개원하여 서울시 중구 지역 주민들에게 문화행사를 제공하는 곳이다. 중구의 향토사에 관한 조사 연구  문화 자료 수집과 보존 등을 통해 지역 전통문화를 계승 발전시키는 한편 충무공 탄생 기념 문화제  역사 문화재 탐방 교실  청계천 문화예술마당 등을 매년 개최하며 새로운 지역 문화 확립에 많은 노력을 하고 있다. 
지역 주민들의 편의를 위해 찾아가는 전통문화 예절 교육을 시행하고 사생대회나 국악 및 무용 경연대회를 실시하여 지역 청소년들에게 문화 체험과 능력을 펼칠 기회를 제공하며 다양한 문화 교실을 진행하며 다양한 문화 혜택을 누리도록 한다. 대관이 가능한 갤러리가 있어 여러 전시와 행사를 진행할 수 있다. 대관료가 저렴하여 직장인과 대학생의 그룹전과 신인  중견작가들의 전시회가 늘어나고 있다. 연회비가 있는 문화원 연회원도 운영한다. 연회원이 되면 문화원 유적 답사 활동에 참여할 수 있고 문화원에서 발행하는 간행물을 우선 받아보고 각종 행사에도 우선 초대된다.","","","","문화원 10:00~17:00<br>
갤러리 09:00~18:00 (프로그램별 상이)","문화원 : 매주 일요일","진행 프로그램에 따라 상이","","","가능","","없음","","없음","사업내용:1) 문화재 탐방교실 - 1997부터 매년 2 800여명씩 답사<br />
 2) 향토사연구사업  - 1995중구향토사 연구위원회 발족이후 제7집발간<br />
 3) 문화관련 책자(연보)발간 - 중구문화 제6호. 중구문예 제10호발간<br />
 4) 문화행사 - 중구미술인협회 회원전(2002.3.12∼3.17)  제4회 구민의날 기념 열린음악회 (2002.9.30 국립극장)  제7회 중구사진 공모전시회(도록)(2002.11.13∼11.19)  중구의 어제와 오늘사진 50점 순회전시(2002.10)<br />
 5) 문화학교강좌 - 중국어·한국무용·스포츠댄스·새도우박스등 10개강좌<br />
 6) 예문갤러리 대관 (상설전시관) - 문화원1층<br />
 7) 중구향토사연구 자료집 - 제1집 중구향토사 관계자료집(1996년 발행)  제2집 중구사화  제3집 남산의 역사와 문화   제4집 서울중구 도심속으로의 역사기행   제5집 중구의시장 어제와오늘  제6집 중구의 구전설화  제7집 명동의 변천사(2002년 발행)
체험프로그램:경기민요 / 가락장구 / 문예창작 / 어반스케치 등 
대관안내:1층 전시실(갤러리) 대관 가능 <br />
문의 02-775-3001
"
"130214","송파문화원","05572","","","서울특별시 송파구 올림픽로 44 (잠실동)","37.5096931578","127.0760526362","송파문화원은 송파 문화의 품격과 가치를 높이고 역사적 보존 가치가 있는 유물 등에 대한 연구를 통해 과거와 현재  미래를 이어가는 징검다리의 역할을 수행하는 곳이다. 지역 문화 예술의 수준 향상을 위해 송파구와 공동으로 한성백제문화제  벚꽃축제  낙엽축제  송파문화예술축제 등 다양한 문화행사를 매년 개최함으로써 구민들에게 볼거리와 즐길 거리의 제공은 물론 소통과 화합의 통로를 마련해 오고 있다.
주민들의 문화 욕구 충족을 위한 160여 개의 문화예술 교양강좌와 우리역사바로알기 사업의 일환으로 지역 역사 기행 및 서울 5대 궁궐 투어를 운영하여 오고 있다. 매년 향토 사료집과 송파문화 책자를 발간하여 지역문화의 역사적 가치를 높이는 한편  구민들의 문화 역량 강화를 위해 서화  문인  미술  사진 등 각종 협회와도 유기적인 협조체제를 유지하고 있다.","","","","강좌마다 상이","일요일 / 공휴일","","","","가능","유료","없음","","없음","사업내용:1) 지역축제·문화행사 - 시와 그림의 광장 전시회  송파서예대전<br />
2) 문화예술강좌 - 송파문화원 문화학교 문화예술교양강좌 운영  저명인사 초청강연<br />
3) 문화교류사업 - 우리의 고유문화 유적지 탐방  송파문화원과 일본 동경도 동문화 원간의 회화교류전  결연된 지역과의 연계된 사업<br />
4) 향토문화선양사업 - 송파문화 연2회 발간  송파문화봉사단 팀별활동<br />
5) 향토사료 조사사업 - 향토사료 조사수집을 통한 사료집 발간<br />
6) 향토예술인 활용사업 - 송파 문화예술인의 밤 초대작가 전시회 및 문화원 수강생들의 작품 전시발표회
체험프로그램:전통문화 강좌 / 인문학 강좌 / 예술문화강좌 / 어학강좌 / 음악강좌 / 미술 예술문화강좌 / 건강 레크레이션강좌 / 재테크강좌 / 컴퓨터강좌 / 야간강좌 / 토요강좌
예약안내:
"
"130223","광진문화원","05119","","","서울특별시 광진구 광나루로56길 67 (구의동)","37.5365043011","127.0964722391","광진구 구의공원 인근에 있는 광진문화원은 1996년 설립되어 지역 문화를 계승 및 발전시키는 역할을 하고 있다. 지역 문화행사 개최  문화 예술강좌 진행  향토사료 발굴 및 국악예술단 운영 등 광진구의 문화 진흥을 위한 다양한 활동을 하고 있다. 또한  나이와 계층을 초월하고  가족들 간의 만남과 원활한 소통을 위해 300여 개의 문화예술강좌를 운영하고  다양한 동아리 활동을 지원하고 있다. 
광진문화원에서는 광진구의 국악예술단을 운영하며 사물놀이패  국악실내악단  여성풍물패  어린이소래패 총 35명의 단원이 활동하고 있다. 어르신 문화 학교는 청년세대와 어르신 세대가 문화를 매개로 세대 간의 소통을 위해 여러 활동 등을 지원하고 있다.
광진문화원은 수도권 지하철 2호선 강변역 1번 출구에서 약 330m 떨어져 있다.","","","","매일10:00 - 16:30<br />(강좌시간에 따라 변동가능)","연중무휴","","","","가능","해당강좌에만 가능 / 토요일 주차 불가","없음","","없음","체험프로그램:
사업내용:1) 지역문화축제  전통문화축제  공연 및 전시행사<br />
2) 문화예술단체 운영지원 및 문화프로그램 제공<br />
3) 주민 문화예술 창작의욕 제고를 위한 프로그램 운영<br />
4) 문화예술강좌 및 사회교육<br />
5) 광진구 향토사료조사 및 자료집 발간<br />
6) 지역전통문화의 국내외 교류<br />
7) 광진정보도서관 수탁운영
예약안내:
"
"130226","포스코미술관","06194","","","서울특별시 강남구 테헤란로 440 ","37.5058765750","127.0560767850","포스코미술관은 1995년 9월 포스코센터 포스코갤러리로 설립되었으며 포스코홀딩스가 추구하는 배려와 공조  공생의 가치를 예술을 매개로 나누고 실천하는 포스코 그룹의 아트 플랫폼이다. 포스코미술관은 주로 회화  조각  설치  미디어 아트 등 다양한 장르의 전시를 개최하고 있다. 또한  전시와 연계된 교육 프로그램  강연  워크숍 등을 운영하여 대중들의 문화예술 향유 기회를 확대하고 있다. 포스코미술관은 이외에도 일반인과 포스코 그룹사 임직원등을 위한 포스코미술관 프로그램을 운영하고 있다.","","","","- 월요일~금요일10:00~18:00<br>
- 화요일 10:00~20:00<br>
- 토요일~일요일11:00~16:00","4월 1일 창립기념일","무료","","약 30분~1시간","가능","30분 2,000원","없음","","없음","예약안내:가능
외국인 예약안내:가능
외국어 안내서비스:영어 가능(사전문의)
한국어 안내서비스:가능
"
"130232","건국대학교 상허기념도서관","05029","","","서울특별시 광진구 능동로 120 (화양동) ","37.5416615911","127.0717965616","건국대학교 상허기념도서관은 서울특별시 광진구에 위치한 건국대학교 내의 주요 도서관이다. 도서관 이름은 건국대학교 설립자 상허 유석호 선생의 기념을 의미한다. 1979년에 개관하였으며  개교 43주년인 1989년 5월 15일에 신축 개관되었다. 
상허기념도서관은 다양한 학술 자원과 디지털 자료들을 제공하며  학생들과 교수들이 학문적 연구와 공부를 효율적으로 할 수 있도록 다양한 시설을 갖추고 있다. 또한  도서관 내부에는 독서 공간  그룹 스터디룸  개인 학습 공간  컴퓨터 시설 등이 마련되어 있어 편리한 학습 환경을 제공한다.","","","","[자료실]<br>
- 평일 09:00~21:00<br>
※ 방학 중 09:00~17:00<br>
- 토요일 09:00~13:00<br>
[열람실] 05:00~23:00<br>
※ 2열람실은 상시 개방(단, 시험기간 별도 공지)","[자료실] 매주 일요일 / 법정 공휴일<br>[열람실] 연중무휴","무료","","","가능","무료","없음","","없음","사업내용:도서 열람 및 대출 / 강좌운영 / 독서 관련 행사 등
"
"130247","동작문화원","06963","","","서울특별시 동작구 장승배기로10길 42 (상도동) ","37.5044968957","126.9411039590","1998년 설립한 동작문화원은 지난 시간 동안 지역사회와 가장 가까운 데에서 지역문화 의식 고취를 위해 노력해 왔다. 시민강좌  기획공연  학술세미나 등 다양한 문화사업을 기획하고  동작구의 문화적 환경조성과 더불어 삶을 향상시키고자 주민 누구에게나 열려있는 문화예술활동을 지원하고 있다. 문화강좌는 국악  댄스스포츠  필라테스  라인댄스  방송댄스  미술&서예  생활문화  어학  음악&악기 등 다양한 강좌가 준비되어 있다.","","","","강좌 별로 상이함","매주 토요일~일요일 / 법정공휴일","강좌 별로 상이함","","","가능","","없음","","없음","사업내용:1) 향토문화개발 - 향토사료조사  향토사연구조성  문화재정화 보존활동 등<br />
2) 지역문화행사 - 사육신추모문화제  문화영화 상영  사진공모전  주부백일장  국악경연대회  미술공모전 등 각종 문화행사<br />
3) 문화·예술활동 - 예술인단체 활동 지원  예술분야별 발표회 지원  해외문화예술 교류 등<br />
4) 시민문화강좌 - 명사초청 교양강좌  청소년 지도강좌  건강특강 등<br />
5) 문화현장 교육 - 관내문화재탐방  지방고유 문화재 참관  민족문화유산탐방 등<br />
6) 문화홍보 - 동작문학지 발간  문화유적 편람 자료수집  문헌자료실 운영 등<br />
7) 문화학교 - 한국전통문화  한국무용  국악  민요  서예  생활영어  건전가요 등  컴퓨터 교육<br />
8) 독서실 - 동작문화원 독서실 운영
체험프로그램:국악 / 댄스&건강 / 미술&서예 / 생활문화 / 어학 / 음악&악기 / 피아노 / 한국무용 등
"
"130259","위니아트(건국대학교 새천년관 대공연장)","05029","","","서울특별시 광진구 능동로 120 (화양동) 새천년관 지하 2층","37.5416615911","127.0717965616","위니아트는 ‘보다 많은 사람들에게 양질의 공연’을 이라는 정신으로 1997년 설립되었다. 국내에서는 처음으로 문화공간 운영을 시작하여 차별화 전역을 실천함으로써 양질의 공영 제공은 물론 가격과 서비스를 포함한 종합적인 고객만족을 구현해 나가고 있다. 국내 선진 공연문화의 정착과 그에 따른 올바른 사회적 역할에 부응하려 지난 10여 년간 최선의 노력을 경주하여 왔다. 독주에서 오케스트라까지 장르면에서 클래식과 대중음악을 막론하고 다양한 문화행사를 소화해 낼 수 있는 다목적 공연장이다. 또한  완벽한 시설을 갖춘 회의장으로 국제회의 및 세미나 등으로 쓰이기에 손색이 없다.","","","- 대공연장 : 805석(장애인석 11석)<br>- 우곡국제회의장 : 313석(1층 230석 / 2층 73석)","공연 및 전시 별로 상이함","공연 및 전시 별로 상이함","공연 및 전시 별로 상이함","","","가능","","불가","","가능","사업내용:문화예술공연장 운영 / 문화콘텐츠 개발 및 연계 / 문화마케팅 기획 및 운영 / 문화행사 기획 및 연출
"
"130263","초전섬유·퀼트박물관","04630","","","서울특별시 중구 퇴계로18길 66 (남산동1가) ","37.5581803204","126.9842429564","초전섬유·퀼트박물관은 1998년 10월 27일에 개관한 박물관으로  다양한 국내외 섬유예술작품들을 보유한 국내 유일의 섬유예술박물관이다. 박물관의 설립자인 제일문화원 김순희 원장은 사라져 가는 한국 전통 조각보 기법의 전승과 한국섬유예술의 세계화라는 생애 목표를 이루고자 수도 서울의 심장부인 남산 끝자락에 섬유예술박물관을 개관하였다.
개관과 동시에 첫 기획전인 일본 국제 퀼트 콘테스트 공모전 입상작 전시회를 성공리에 마쳤으며  이어 제1회 한국퀼트콘테스트 공모전과 입상작 전시회  퀼트 분야에서 새롭게 시도된 맨홀 퀼트 기획전 아름다운 환경을 위한 시도  세계의 전통섬유직물전 등 퀼트와 텍스타일 분야를 넘나드는 다양한 기획전들을 차례로 개최하였다. 또한 섬유예술에 관련된 워크숍과 세미나를 개최하여 작가와 전문인들에 대한 교육의 장을 제공해나가고자 한다.
독특한 아이템과 전시기획으로 외국인들에게 새로운 관광 코스로 부각되고 있는 초전섬유·퀼트박물관은 소장품이 전시되는 상설 전뿐만 아니라 다양한 기획전과 섬유 및 퀼트 콘테스트를 개최함으로써 일반인들에게 다소 생소한 섬유예술작품들을 보다 가깝게 접할 수 있는 기회를 제공하고  섬유예술을 공부하는 젊은 세대들에게는 민족의 우수한 전통 섬유예술 전수하여 세계로 발돋움할 수 있는 기반이 되어 주고자 한다. 또한  국내의 기존 섬유예술작가들에게 해외 각국의 독특한 섬유예술을 소개함으로써 새로운 기법과 아이디어를 얻음과 동시에 폭넓은 안목  국제적인 감각을 키울 수 있는 기회를 제공하고자 한다.","","","","10:00~17:00 (입장마감 16:30)<br>
※ 사전 예약 필수","매주 토요일~일요일","- 성인(만 19세 이상) 8,000원<br>- 청소년(만 19세 미만) 5,000원<br>- 어린이(3~7세) 3,000원<br>- 경로(65세 이상) / 장애인 5,000원","","","가능","","없음","","없음","소장품현황:1 015점<br> 
 1) 한국 전통자수 및 조각보 152점<br>
 2) 한국 전통 장신구 32점<br>
 3) 한국 전통 한복 89점 <br>
 4) 중국 전통복식 및 자수품 260점<br>
 5) 중국 장신구 52점 <br>
 6) 해외 전통퀼트 및 패치워크 95점<br>
 7) 해외 수직퀼트 25점<br>
 8) 세계의 민속 복식 인형 310점
"
"130289","LG아트센터 서울","07789","","","서울특별시 강서구 마곡중앙로 136 (마곡동) ","37.5653406087","126.8294429794","LG아트센터 서울은 LG연암문화재단에서 LG그룹의 재정적 지원을 받아 운영하고 있는 비영리 공연장이다. 2000년 3월  서울 강남구 역삼동에서 개관한 LG아트센터는 동시대를 살면서 놓쳐서는 안 될 세계 최고 수준의 작품들을 우리 관객들에게 선보이는 것을 목표로 예술가들과 관객들 모두에게 놀라운 영감을 선사하기 위해 노력해오고 있다. 2022년 10월  서울 강서구 마곡으로 이전하여 세계적인 건축가 안도 다다오의 설계로 풍부한 자연환경 속에서 한층 확장된 예술 체험이 가능한 열린 공간으로 다시 태어났다. LG아트센터는 앞으로도 창의적인 예술가와 열정적인 관객들이 만나 자유롭게 소통하는 공간이며  언제나 믿고 찾을 수 있는 공연장이다.

(출처 : LG아트센터 홈페이지)","","","","10:00~23:00","매주 월요일","공연 별로 상이함","","","가능","[평일] 5,000원 / 이후 10분 당 1,000원<br>
[주말 및 공휴일] 7,500원 / 이후 10분 당 1,500원<br>
※ 5시간 기준","없음","","가능",""
"130302","금호미술관","03062","","","서울특별시 종로구 삼청로 18 ","37.5774613349","126.9798928074","금호미술관은 금호아시아나 그룹이 운영하고 다양한 전시와 프로그램을 통해 대중들에게 다가가고자 하는 미술관이다. 이곳은 지방작가를 발굴하여 지원하고  역량 있는 신예 작가를 비롯해 기성 작가들의 전시를 개최한다.
금호미술관은 개관 이래 동시대 미술의 흐름을 진단하고자 다양한 전시를 기획  개최하고 있다. 특정한 사조나 장르에 편중하기보다 한국미술의 전체적인 전개 양상에 주목한 기획전시는 현대미술의 주요 쟁점과 이들을 아우르는 대표 작가들로 구성하여 다양한 미적 가치를 경험하는 기회를 제공하고 있다. 국제 전시  미술과 음악을 연계시킨 전시회  어린이들을 위한 전시회까지 다양한 전시들이 기획되었다. 2008년에는 첫 번째 디자인 전시를 시작으로 디자인과 건축에 관한 전시도 기획하고 개최하여 시각예술의 영역을 더욱 확장했다.
금호미술관은 지하 1층부터 3층까지 총 7개의 전시실이 있다. 교육 기능을 담당하는 세미나실과 관람객에게 휴식을 제공하는 1층 카페테리아와 각종 디자인 용품 및 아트 상품을 판매하는 아트샵이 있어 전시 관람 전후에 둘러볼 수 있다.","","지하 3층, 지상 4층","120명 (전시장 내 관람객이 120명이 초과될 경우, 입장 제한이 될 수 있음)","10:00~18:00","매주 월요일","전시마다 상이함 자세한 내용은 홈페이지 참고","","","가능","미술관 건물 앞 정면주차 최대 10대 가능(만차시, 미술관 건너편 경복궁 주차장 이용- 유료)","없음","","가능","사업내용:전시 및 강좌 진행
소장품현황:한국 근  현대 미술품 약 3 000점
대관안내:대관 약관 및 신청서 작성를 작성하여 포트폴리오 함께 제출<br>
- 소정의 심사 과정 후 대관 여부 결정 
"
"130306","유 아트 스페이스","06010","","","서울특별시 강남구 압구정로71길 10 (청담동) 2층","37.5274349990","127.0458771023","아트스페이스는 현대미술 (Modern & Contemporary Art) 작가들의 작품들을 선별 전시하고 판매하는 갤러리다. 갤러리에서 전시하는 작가들의 주요 자료를 제공하며 합리적이고 투명한 가격공개 및 거래 시스템의 운영을 통하여 미술시장의 건전한 발전을 도모한다.","","","","화요일~토요일 12:00~19:00","매주 일요일~월요일 / 공휴일","","","","가능","","없음","","없음",""
"130315","한전아트센터 공연장","06732","","","서울특별시 서초구 효령로72길 60 (서초동) ","37.4856423108","127.0280882379","한전아트센터 공연장은 한국전력이 운영하는 공연장으로  뮤지컬  오페라  클래식  대중음악 등 다양한 장르의 예술공연을 유치하고 있다. 엄정한 대관 심사를 거친 우수한 작품을 관객에게 제공함은 물론  공연단체의 대관료 부담을 덜어 줌으로써 문화 예술계에 참신하고 획기적인 공연장 운영 모델을 제시해 주고 있다.","","","","공연 별로 상이함","연중무휴","공연 별로 상이함","","공연 별로 상이함","가능 (약 600대)","할인권 적용 시 6시간 4,000원<br>
※ 무인정산기 이용 시 3,000원","없음","","없음","사업내용:공연사업  교육사업  대관사업
"
"130375","동대문문화원","02566","","","서울특별시 동대문구 왕산로 128 (용두동)","37.5778651046","127.0376930838","동대문문화원은 역사와 전통을 바탕으로 동대문구의 지역문화 창달을 위하여 1998년 12월에 개원하였다.
지역유지들이 뜻을 모아 민간기금으로 발족했다. 매년 가을  청룡문화제와 한가위 구민 한마음 민속 큰잔치 등 지역 전통문화 행사를 주관하고 동아리 상설공연  역사 문화탐방  문예 공모전 등 다양한 장르의 문화행사를 개최하여 지역주민의 문화 향수를 위하여 노력하고 있다. 여러 문화강좌를 통해 교육에도 앞장서고 있으며 동대문구 시민기록자 양성  문예공모전 개최 등 다양한 프로그램을 열고 있다.","","","","09:00~18:00","주말 / 공휴일","프로그램마다 상이","","","가능","무료","없음","","없음","사업내용:선농제향  청룡문화제  장령당제/부군당제  「향토문화」誌 발간  찾아가는 문화 활동「우리동네 최고야」  찾아가는 문화 활동 「TV 문화강좌」  문화학교 운영
예약안내:
"
"130376","강동문화원","05314","","","서울특별시 강동구 상암로 168 (천호동) ","37.5457706995","127.1412345681","강동문화원은 1999년 강동구 지역 문화의 개발  보급  보존  전승 및 선양을 위하여 설립되었다. 1999년 설립되어 그동안 운영이 미진하였으나 2005년 새로운 임원진 구성과 함께 강동구 일원 지표조사를 실시하는 등 활발한 활동을 하고 있다. 
강동문화원은 많은 강동구민들을 위한 둔촌 백일장  사생대회 및 작품전시회 또한 필하모닉 오케스트라와 혼성 중창단 등 다양한 문화활동을 진행하고 있으며  사회배려계층을 위한 프로그램들과 서울 암사동 유적 관련 사업 등을 통해 지역 사회의 정서함양을 위한 노력을 하고 있다. 대표적인 문화강좌로는 고전 소설  심리학 등 다양한 주제의 강의를 들을 수 있는 강동문화대학과 라인댄스가 있다.","","","","평일 09:00~21:00<br>
토요일 09:00~18:00","매주 일요일 / 법정공휴일 / 1월 1일 / 설·추석 연휴","프로그램별 상이","","","가능","","없음","","없음","체험프로그램:라인댄스 
사업내용:1) 지역 고유문화의 계발 보급 보존 전승 및 선양<br />
2) 지역 문화행사의 개최<br />
3) 지역 전통문화의 국내 외 교류<br />
4) 지역 환경보존 등 지역 사회발전을 위한 문화 활동<br />
5) 정보화 육성에 필요한 사회 교육 문화활동<br />
6) 향토사의 조사 연구 및 사료의 수집 보존<br />
7) 지역 문화에 대한 자료의 수집 보존 및 보급<br />
8) 지역 문화에 대한 사회교육활동<br />
9) 지역 장학 사업<br />
10) 기타 지역 문화 발전에 기여할 수 있는 사업
"
"130459","대림미술관","03044","","","서울특별시 종로구 자하문로4길 21 (통의동)","37.5775028790","126.9733378475","대림미술관은 대림그룹이 설립한 미술관으로 사진적 시각으로 현대미술을 분석하고 연구하는 미술관이다. 1997년 한국 최초의 사진 전문 미술관인 한림미술관을 운영하다가 2002년 5월 서울로 이전해서 현재의 대림미술관으로 재개관하였다. 미술관 건물은 유서 깊은 경복궁과 접해 있는 통의동 주택가에 있으며  예전에는 한 가족의 보금자리였던 것을 프랑스의 건축가 뱅상 코르뉴씨가 디자인과 설계를  한국의 대림산업이 시공을 맡아 2002년 5월 말 개관한 것이다.
1층은 정원과 주차장을 포함해 리셉션  수장고  회의실 등이 있고  2층과 3층은 각각 작고 넓은 방들과 긴 갤러리  그리고 천정이 높은 방 등으로 이루어진 180평의 전시실과 사무실이 있다. 4층은 120명 수용 규모의 세미나실과 아름다운 전망의 발코니가 있다. 세미나실 전면의 발코니는 인왕산과 북악산은 물론 멀리 북한산까지 보이는 탁 트인 전망을 안고 있고  한국 전통 보자기를 본뜬 스테인드글라스 파사드가 눈길을 끌며  정원을 향해 둘러있는 2층과 3층의 베란다는 관람객들을 위한 아름다운 휴식 공간이 마련되어 있다. 무엇보다도 온도와 습도  그리고 빛에 예민한 사진 작품을 위한 설계가 고려된 전문미술관이다.
2010년 이후에는 현대 사진과 일상 속 예술로 자리매김한 디자인을 포함  다양한 예술 장르를 넘나드는 감각적인 전시를 소개하고 있다. 미술관 컬렉션 역시 기획전과 같은 컨셉으로 나아가고 있으며  창의력과 집념을 가지고 연구하고 노력하는 예술인들을 발굴하고 그들의 창작 의욕을 북돋아 새로운 문화 예술에 중요한 역할을 할 수 있도록 그들을 돕고 격려하는 역할을 하고 있다.","","","","10:00~19:00<br>
※ 매표는 마감 1시간 전까지 가능","전시 준비 중인 경우","전시마다 상이","<할인가 적용>
온라인 회원<br />
10인 이상 단체관람<br />
65세 이상 경로우대<br />
장애인(복지카드 소지자 한해서 적용)","","주차 가능","","없음","","가능","체험프로그램:전시 연계 체험 프로그램
사업내용:1) 예술성과 대중성의 균형있는 추구<br />
2) 국내외 사진 예술의 국내 소개<br />
3) 지역의 예술 활동 직작 / 재즈 콘서트<br /> 
4) 경복궁 연계 프로그램<br>
외국어 안내서비스:-사전 예약시 영어 안내 가능  <br />
(단체예약 및 도슨트 스케줄 문의전화 : 02-720-0667)
예약안내:단체관람시 전화 <br />
02-720-0667
대관안내:대관 문의 02-720-0667 
한국어 안내서비스:* 정규 도슨트 투어 <br />
휴관일 제외 한 평일  토요일 11시  1시  2시  3시  4시  5시 (총 6회)<br />
일요일 1시  2시  3시  4시  5시 (총 5회)<br />
* 스페셜 단체 투어  패밀리 투어 : 사전예약
"
"130464","종이나라박물관","04606","","","서울특별시 중구 장충단로 166 (장충동1가) 2층","37.5596944272","127.0061714713","종이나라 박물관은 우수한 우리의 종이 접기와 종이문화를 보존  전시하고 교육하여 방문객들의 문화 예술 향수 기회를 확대하고 종이문화 예술의 발전을 진작시키기 위해 설립되었다. 종이의 역사는 인류 기술 및 정보 발달 역사상 가장 중요한 부분을 차지하고 있기에 인류 문명의 역사와 함께 해 왔다고 해도 과언이 아니다. 특히 우리 민족은 일찍이 발달한 제지기술을 바탕으로 일상생활에서 다양하게 종이를 이용해 왔다. 우리나라 사람들에게 종이는 ‘문방사우’라 하여 문필의 용도였고  집의 마감재로써 다양한 공예품의 재료로서 최고의 장식품이자 생활용품이었다. 종이와 깊이 관련을 맺고 있는 우리 민족의 삶이기에 종이문화 예술은 한국인의 미감이 가장 잘 반영되어 있다. 이렇듯 훌륭한 우리의 전통문화의 중심인 종이 접기와 종이문화의 가치를 주목하여 수준 높은 전시를 기획하고 아울러 국제 교류를 통하여 우리의 종이문화 예술을 해외에 적극적으로 홍보하고 있다. 또한 이를 통해 세계 모든 사람들에게 종이나라 박물관의 작품을 통해 한국적 미감의 아름다움과 한국 문화의 우수성을 알리고자 한다.","","","60명","09:30~18:00 (입장마감 17:30)","매주 일요일 / 법정공휴일","- 성인 2,000원<br>- 청소년 1,000원<br>- 어린이 1,000원<br>※ 무료 : 36개월 이하 / 장애우 / 국가유공자 등","","약 40분","불가능","","없음","","가능","체험프로그램:전시해설 / 한지뜨기 / 종이클레이 탈 만들기 / 한지 복주머니 만들기 등<br>
※ 예약 필수
소장품현황:종이(지류)-초조대장경 / 승경도 등 8 000여점
"
"130503","모차르트 콘서트홀","06668","","","서울특별시 서초구 명달로 104 (서초동) ","37.4864779022","127.0045514676","모차르트홀은 201석 규모로 피아노연주 및 소규모 챔버뮤직에 최적으로 설계되었다. 콘서트홀과 로비의 조화로운 통합이 이루어지도록 타원형으로 디자인되었다. 또한 홀 내부는 음향설계를 중심으로 나무와 돌의 이중적 톤으로 구성되었으며  공연장 전용의자를 95cm 공간으로 설치함으로써 음향적인 측면은 물론 안락함까지 고려하였다. 무대는 공연행태에 따라 구성의 변환이 가능하며  이를 고려하여 객석의자는 고정석 125석  이동석 76석으로 설치되어 있다.
특수 설계된 방진패드를 적용하여 공연장을 건물 바닥으로부터 띄우고 벽과 천장으로부터 분리시킴으로써 건물진동이 완벽하게 차단했다. 이와 더불어 냉난방환기덕트에 소음기(silencer)와 국내최초의 ANC(Active Noise Control System)를 적용함으로써 국제기준 공연장의 실내소음도(NoiseCriteria) NC20 이하보다도 월등한 NC5의 국내에서 찾아볼 수 없는 조용한 공연장 환경을 자랑한다.","","","201석","공연 별로 상이함","공연 별로 상이함","공연 별로 상이함","","","가능","무료","없음","","없음","사업내용:클래식 음악 사업
"
"130581","갤러리 마노","06020","","","서울특별시 강남구 압구정로46길 71 2층","37.5240907763","127.0365891542","2003년 가회동에 처음 개관한 갤러리 마노는 2016년 압구정로 도산공원 앞으로 이전하였다. 갤러리 마노는 국내의 현대 미술을 대표하는 중진 작가뿐 아니라 참신하고 독창적인 작업을 하는 젊은 작가들의 자료를 면밀히 검토하고 발굴하여 그들의 역량을 펼쳐 보일 수 있는 기획 전시를 하고 있다. 갤러리 마노의 전시 방향은  작가들의 자료를 면밀히 분석하여 참신하고 독창적인 작업을 열심히 하는 작가들을 초대해 전시 기회를 마련하는 것이다. 작가와 갤러리 그리고 관객의 뜻을 담아 갤러리 마노는 회화  조각  사진  판화  미디어  영상  디자인 등 모든 장르의 작품을 통해 많은 사람들의 마음을 풍요롭게 만들고자 한다.","","","","10:30~18:00","매주 일요일~월요일 / 법정공휴일","무료","","","가능","유료","없음","","없음",""
"130585","김현주 갤러리","03054","","","서울특별시 종로구 삼청로7길 19-9 (팔판동) ","37.5835523128","126.9809925343","김현주 갤러리는 현대 예술품 컬렉션을 선보이는 갤러리이다. 2005년에 개관하여 종로구 삼청동에 있는 현대적 건축 양식의 화랑 건물에 위치하고  지하 1층부터 3층까지 총 4개(40㎡)의 기본 전시실을 구비하고있다. 현대적이고 심플한 실내 인테리어와 조명은 작품을 더욱 돋보이게 만들어 주며  조용한 분위기에서 감상할 수 있다. 전시장의 현대 예술품들은 틀에 박히지 않은 다양한 작품으로 구성되었고 개인전과 단체전이 있다. 전시되는 작품과 작가 정보  전시 일정은 매년 전시회에 따라 다르므로  정보를 알고 싶다면 홈페이지를 참고하여 방문하면 된다.","","지하 1층~2층 각 전시실 약 40㎡","","11:00~18:00<br>
※ 전시기간 외 방문은 예약제","매주 월요일","","","","불가능","","없음","","없음","사업내용:기획  전시 전문
한국어 안내서비스:가능
"
"130630","백해영갤러리","04349","","","서울특별시 용산구 이태원로27길 77 (이태원동)","37.5365108065","126.9948592690","백해영갤러리는 이태원로에 위치한 미술관으로 1977년에 개관하였다. 백해영갤러리는 다양한 국내외 문화계 인사들과 교류하며 세계 속의 한국 미술문화 발전과 국제화에 기여해왔다. 다문화 발상지인 이태원에서 리움미술관  페이스 갤러리  리만머핀 갤러리와 함께 백해영갤러리는 한국 미술시장의 글로벌 경쟁력 강화와 작가 육성에 힘써왔다.
백남준을 비롯해 존배  이정진  조용익 등 저명한 국내 작가들을 글로벌 아트 페어에 소개하는 역할 뿐만 아니라 James Turrell  Kenneth Noland  Charles Sandison  Dan Walsh  John Pai와 같은 해외 거장들의 작품들을 국내에 선보이는 데 중요한 역할을 하였다. 이외에도  Art Miami를 비롯한 해외 아트 페어를 통해서 Art Agency로서 문화 전반에 관한 아트 컨설팅  COLLECTOR를 위한 교육 프로그램을 진행하고 있다.","","","","09:00~19:00","일요일","","","","가능","","없음","","없음","사업내용:기업의 컬렉션 운영  하우스 프로젝트 (House Project)  문화교육프로그램   문화전반에 관한 컨설팅 사업
예약안내:
"
"130678","서울교육박물관","03055","","","서울특별시 종로구 북촌로5길 48 (화동)","37.5797611278","126.9832368815","서울교육박물관은 우리나라 교육을 선도해 온 서울 교육의 위상을 정립하고 21세기 주역이 될 후손들에게 우리 교육의 밝은 미래를 제시하기 위해 우리나라 교육의 발전 모습을 한눈에 살펴볼 수 있도록 교육제도  교육과정  교육 내용  교육기관  교육활동 등에 관한 유물과 사진 등 각종 자료를 시대별로 전시하여 지난 1995년 6월 15일에 개관하여 운영하는 교육 전문 박물관이다. 역사의 갖은 소용돌이 속에서도 의연히 지켜온 서울교육의 맥을 살펴봄으로써 오늘을 이룩한 교육의 위대한 힘을 깨닫고 우리 조상들의 숭고한 교육 정신과 그 숨결도 함께 느낄 수 있는 의미 있는 곳이다.","","","","- 평일 09:00~18:00<br />
- 주말 09:00~17:00","매달 1, 3번째 수요일/법정공휴일","무료","","","가능","","없음","","없음","사업내용:1) 1일 박물관교실<br />
 2) 교육사진 순회전시
    <br />현대교육의 근간이 되는 교육관련 사진자료들을 통해 우리나라 교육의  시대사적 흐름을 바로 알도록 하여 올바른 교육관을 정립시키며 현대교육을 재조명 하고자 전시회를
    마련하였다.
<br />
 3) 전통 천자문 교실<br />
    방학기간을 이용하여 어린이들에게 옛 교육방법(서당)을 체험하게 하는 연 2회 전통천자문 교실을 운영하고 있다.
 <br />4) 조선시대 문방가구 만들기 체험<br />
    조선시대 문방가구 미니어쳐 만들기 체험
예약안내:단체 방문시 사전예약
"
"130770","서울특별시교육청 동작도서관","06925","","","서울특별시 동작구 장승배기로 94 (노량진동)","37.5059328296","126.9405206377","동작도서관은 1991년 5월 6일 따뜻함을 품은 붉은 벽돌 건물로 개관한 동작구 공공도서관으로 33년만의 통합형 시설개선 및 공간 재구조화를 통해 2024년 7월 재개관하였다. 도서 11여만 권  비도서 5천여 점을 보유하고 있으며 각종 연속간행물  AR/VR체험존  미디어월 등 디지털을 통한 공유  개방의 커뮤니케이션 공간을 갖추고 있다. 노량진 인접 지역 특성 기반의 특화 주제(진로·취업·창업)를 바탕으로 다양한 맞춤형 정보 서비스를 제공한 성과로 2023년 서울특별시교육청 특화자료 신규 지원관으로 선정되어 더욱 다양하고 폭넓은 자료 이용 서비스 제공을 위해 노력하고 있다. 
디지털라운지 설치 등 지역 내 미래 사회에 대비하는 지식정보 서비스 제공 허브로서 지역 주민들의 정보 문화 욕구 충족을 위한 각종 프로그램을 개설하여 이용자들의 동작도서관과 함께 생활 속에서 성장하고 찾고 싶은 소중한 문화공간으로 이용되고 있다.","","대지 1,721㎡, 건물 1,974㎡, 지상3층/지하1층","","[종합자료실]<br>
- 평일 09:00~20:00<br>
- 주말 09:00~17:00<br />
[디지털라운지]<br>
- 평일 09:00~18:00<br>
- 주말 09:00~17:00<br />
[어린이실]<br>
- 평일 09:00~18:00<br>
- 주말 09:00~17:00<br />
[자율학습실 / 노트북실]<br />
- 평일 07:00~22:00","매주 2, 4번째 금요일","무료","","","가능","무료","없음","","없음","체험프로그램:독서문화행사 / 미디어체험존(AR/VR) / 전시(나모아래) 등 
"
"130783","서울특별시교육청 동대문도서관","02586","","","서울특별시 동대문구 천호대로4길 22 (신설동)","37.5738542164","127.0241777625","서울특별시교육청 동대문도서관은 1971년 3월에 개관하여 25만여 자료를 소장하고 있는 서울특별시교육청 소속 공공도서관이다. 지역주민의 지식정보 제공과 자아실현을 위한 다양한 프로그램을 운영하여 자기 계발의 기회를 제공하고 있다. 1996년 전자정보자료실을 개설하여 1997년 7월부터 모든 장서의 대출이 가능하게 되었다. 종합자료1실과 2실  어린이실  시청각실  강의실  자율학습실 등 총 510석의 좌석을 갖추고 있다. 각 실에서 자료를 찾아서 바로 이용할 수 있고 대출과 자료예약도 가능하다. 또한 야간에 도서관을 방문하여 자료를 찾아가는 서비스인 야간예약대출도 시행하고 있다.","","","자료실 좌석 510석","[종합자료1실]<br>
- 평일 09:00~20:00<br>
- 주말 09:00~17:00<br>
<br>
[종합자료2실, 어린이실]<br>
- 평일 09:00~18:00<br>
- 주말 09:00~17:00<br>
<br>
[자율학습1실, 자율학습2실]<br>
- 하절기(3월~10월) 평일 07:00~20:00<br>
- 하절기(3월~10월) 주말 07:00~22:00<br>
- 동절기(11월~2월) 평일 08:00~20:00<br>
- 동절기(11월~2월) 주말 08:00~22:00","매월 둘째, 넷째주 수요일 / 일요일을 제외한 법정공휴일(단, 공휴일과 일요일이 겹칠 경우 휴관) / 임시 휴관일","무료","","","불가","","없음","","없음","체험프로그램:※ 일정 별로 진행하는 프로그램이 상이하므로 자세한 사항은 홈페이지 참조
"
"130886","샤롯데씨어터","05554","","","서울특별시 송파구 올림픽로 240 (잠실동) ","37.5123821225","127.0976311526","샤롯데씨어터는 국내 최초의 뮤지컬 전용 극장이다. 총 1 260석 규모로 롯데그룹이 한국의 뮤지컬 업계 발전을 도모하기 위해 2004년 착공  2006년 10월 28일 개관하였다. 세계 어느 극장과 비교해도 손색없는 샤롯데씨어터는 우아하고 고급스러운 중세 유럽 분위기의 품격 있는 내관과 외관을 자랑하고 있으며  뮤지컬 전용 극장으로서 갖춰야 할 모든 요소를 최첨단 시스템을 갖추고 있다. 오페라 공연의 경우 더 크고 생생하게 배우들의 표정과 생동감 있게 무대를 가까이서 즐길 수 있게 하기 위해서 오페라글라스도 대여해 준다.","","","총 1,260석(1층 744석 / 2층 516석)","공연 별로 상이함","매주 월요일","공연 별로 상이함","","공연 별로 상이함","가능","[관객] 4시간 4,000원 / 초과 시 10분당 1,000원<br>
[일반 방문] 최초 30분 1,000원 / 초과 시 10분당 1,000원","없음","","가능","대관안내:제출서류 : 신청서  공연 소개서  공연 관련 이미지  영상 등의 각종 첨부 자료 (대관 신청서 작성 시 첨부)<br />
제출방법 : 대관 신청서 작성 후 온라인 접수<br />
대관문의 02-3470-3581
"
"130927","동국대학교 박물관","04620","","","서울특별시 중구 필동로1길 30 (필동3가)","37.5582444874","127.0001581712","동국대학교 박물관은 동국학원의 설립목적에 따라 불교관계의 고고 및 미술자료를 수집·보관·전시하며 불교미술을 조사·발굴·연구하고 이를 학계에 알림과 동시에 학생들의 교육에 활용하고자 설립되었다. 따라서 불교종합박물관이라는 뚜렷한 특징을 견지하고 있으며 그에 합당한 활동을 지속하고 있다. 또한 불교와 관련된 조각·회화·공예·건축·금석문 등 각 분야에서 손꼽히는 중요한 작품들이 소장되어 있다. 이곳은 상설전시뿐만 아니라 국내외의 학술조사사업  특별전  기획전 등을 매년 실행하고 있다.","","","","10:00~16:00","매주 토요일~일요일","무료","","","가능<br>요금 (무료)","","없음","","불가",""
"130933","서강대학교 박물관","04107","","","서울특별시 마포구 백범로 35 (신수동) ","37.5516830237","126.9379473591","서강대학교 박물관은 한국 민족문화에 대한 이해와 학문적 연구에 도움을 주는데 그 목적을 두고 1974년 2월 2일 개관하였다. 서강대학교 박물관에 소장된 유물은 크게 민속품과 미술품으로 구분된다. 발굴된 유물이나 야외조사를 통한 유물은 거의 없는 실정이다. 이는 서강대학교 내에 고고학 전공의 교수나 연구원이 없기 때문이다. 때문에 소장품으로 먼저 내세울 수 있는 것은 서화작품들일 수밖에 없다. 그 가운데서도 고 손세기 선생이 기증한 200여 점의 서예작품과 최근 구입한 근·현대 서화작품이 서강대학교 박물관의 소장 유물을 대표하고 있다. 이 작품들은 매우 귀중한 것으로 평가되고 있다. 현재 소장품은 약 1 600여 점이며  개강 중 수시로 교체하여 전시하고 있으며  특별 전시회도 열고 있다.","","","","10:00~15:00 (휴게시간 12:00~13:00)","매주 토요일~일요일 / 법정공휴일","무료","","","가능","","없음","","없음",""
"130937","서울특별시교육청융합과학교육원 남산분원","04636","","","서울특별시 중구 소파로 46 (회현동1가)","37.5545501315","126.9811600067","서울특별시교육청융합과학교육원 남산분원은 다양한 과학 프로그램이 운영되는 곳이다.
서울특별시 중구 회현동1가에 있는 곳으로  기초 과학  생활 과학  과학 문화재 등 약 630점의 전시물들이 분야별로 설치되어 있다. 학생들이 직접 조작 및 관찰함으로써 탐구력을 신장하고 창의성을 개발하는데 도움을 주는 유용한 과학 체험학습장이다. 주말에는 초등학생과 학부모가 함께 하는 과학실험  관찰  공작활동으로 과학에 대한 흥미와 호기심을 증진하는 가족과학교실이 운영되고 방학 중에는 창의력 캠프도 운영된다. 위치는 수도권 지하철 4호선 회현역 4번 출구에서 700m에 있다.","","","","10:00~17:00 (휴게시간 12:00~13:00)","매주 월요일 / 1월 1일 / 법정 공휴일 / 설·추석 연휴","무료","","","가능","10분당 300원","없음","","없음","소장품현황:기초과학 / 생활과학 / 과학문화재 등 131종  630여 점 등
"
"1413224","양화진홀 전시관","04084","","","서울특별시 마포구 양화진길 46 ","37.5464776030","126.9116998990","양화진홀은 한국의 복음화를 위해 목숨까지 바쳤던 선교사들의 신앙과 고귀한 삶을 기리고 조명하는 공간이다. 당시 선교사들이 어떤 사람들이었으며 왜 조선을 찾았는지  하나님께서는 그들을 조선으로 이끌기 위해 어떻게 섭리하셨는지  그리고 그들은 조선에 들어와 어떤 활동을 하였는지 살펴볼 수 있는 자료들이 주제별로 전시되어 있다.

(출처: 양화진외국인선교사묘원)","","","","10:00~15:30","매주 일요일","무료","","약 30분","가능 (70대)","무료","불가","","없음",""
"1560179","창희보석예술관","06022","","","서울특별시 강남구 압구정로 210 (신사동) ","37.5277985634","127.0301507464","창희보석예술관은 조창희주얼리(구 제이젬)에서 운영하는 보석 작품 전시 예술관이다. 약 35년간 보석 및 귀금속 세공 장인인 조창희 씨의 예술적인 감각과 장인 정신으로 다양한 보석  화석  나무  금속 등을 소재로 하여 제작한 작품을 전시하였다. 기존의 원석의 종류와 특성만 알려주던 박물관에서 탈피하여 스토리가 있는 살아있는 예술작품으로 승화시켜 50여 년간의 주얼리 디자인  세공기법들을 함께 엿볼 수 있도록 전시했다. 3억 년 된 나무화석  200㎏의 종유석  350㎏의 황수정 원석 등의 희귀한 원석들로  작게는 30㎝에서 크게는 3m에 이르는 약 50점의 작품이 전시되어 있다.","","","","- 평일 10:00~18:00<br>
- 토요일 10:00~17:00","매주 일요일","","","","가능","","없음","","없음","소장품현황:원석 / 과거 주얼리 제품 / 미술품 / 고가구
"
"1628531","동덕여자대학교 박물관","02748","","","서울특별시 성북구 화랑로13길 60 (하월곡동) ","37.6058952457","127.0413558418","동덕여자대학교 박물관은 2020년 동덕여자대학교 창학 110주년을 맞이하여 기존 여성학센터를 리모델링하고 춘강기념관·여성학박물관·현대미술관으로 재개관했다. 여성 의복과 장신구  기타 생활 자료 및 도자  서화  탁본 등의 다양한 유물을 소장하고 있으며  이를 전문적으로 보존·관리하는 보존과학실과 수장고 시설을 갖추고 있다. 종합박물관으로서의 면모를 갖추고 있는 동덕여자대학교 박물관은 2020년 6월 23일 제1종 전문박물관으로 등록되었다.
동덕여자대학교 박물관은 새로운 전통문화 창조의 바탕을 마련할 목적으로 1977년 5월 27일 설립되었다. 우리나라 최초의 여성학센터로 개관하여 1998년 3월 전시실을 확장한 이후 규방을 중심으로 한 여성사 관련 유물을 집중적으로 수집·보존·연구하는 특화 박물관으로 발돋움하였다.
박물관은 전시와 더불어 소장품관리시스템을 통해 유물을 체계적으로 정리·보존하여 소중한 우리의 문화유산을 보호하고 있다. 또한 일반인  본교 학생  지역 주민을 대상으로 한 문화·예술 교육 프로그램을 진행하여 박물관의 기능 확대를 도모하고 있다.","","","","10:00~17:00 (입장마감 16:00)<br>
※ 방학중 10:00~16:00","매주 월요일 / 매주 토요일~일요일 / 법정공휴일","무료","","","가능","","없음","","없음","체험프로그램:유물 수집·보존·관리/ 기획전시 /사회교육 / 학교사 자료 수집·전시 등
"
"1799798","손기정기념관","04501","","","서울특별시 중구 손기정로 101 (만리동2가)","37.5569079250","126.9663390685","손기정 기념관은 나라를 잃은 어려운 시절  세계를 제패해 우리 민족의 긍지를 높여준 손기정 선수(1936년 베를린 올림픽 마라톤 금메달리스트)의 뜻을 기리고  손기정 탄생 100주년  2012년 10월 14일에 개관하였다. 이 건물은 국제적인 스포츠 관광자원으로 개발하고자 1918년 만리동에 건립된 손기정 선수(21회 졸업)의 모교인 양정의숙 건물을 리모델링한 곳이다. 베를린 올림픽 마라톤 우승을 이뤄내기까지의 손기정 선수 일대기 중심의 콘텐츠 연출 및 민족과 국가의 소중함을 일깨워주는 일화 중심의 전시기획과 관람객 참여 요소를 곳곳에 배치하여 전시의 이해와 몰입도를 높인다. 기존의 기념관과는 차별화된 애니메이션 영상과 참여 게임을 통해 성인은 물론 어린이 관람객에게 즐겁고 풍성한 볼거리 및 바른 역사인식의 기회를 제공한다.","","","","- 하절기 10:00~18:00<br>
- 동절기 10:00~17:00","1월 1일 / 설날·추석 / 매주 월요일 (기타 관장이 정하는 휴일)","상시전시실 무료<br>※ 기획전시는 유료이므로 홈페이지 참고","","","불가능","","없음","","없음",""
"1849416","대한민국역사박물관","03141","","","서울특별시 종로구 세종대로 198 (세종로) ","37.5741339024","126.9775736680","대한민국역사박물관은 19세기말 개항기부터 오늘날까지의 대한민국의 행보를 기록한 박물관으로  2012년 12월 26일에 개관한 최초의 국립 근현대사 박물관이다. 박물관은 고난과 역경을 딛고 발전한 대한민국의 역사를 전시  교육  조사∙연구  자료의 수집을 통해 국민과 공유하고자 설립되었다. 박물관은 대한민국의 역사를 시대별로 4개의 전시실로 나누어 설명하고 있다. 제1전시실에서는 ‘대한민국의 태동’  제2전시실에서는 ‘대한민국의 기초 확립’  제3전시실에서는 ‘대한민국의 성장과 발전’  그리고 제4전시실에서는 ‘대한민국의 선진화  세계로의 도약’을 주제로 전시가 구성되어 있다. 어린이 박물관에서는 어린이가 직접 체험하면서 근현대사를 배울 수 있다. 또한  근현대사 전반에 걸친 다양한 주제의 특별 전시를 통해 대한민국 근현대사에 대한 심층적인 내용을 살펴볼 수 있다. 박물관에서 다양한 교육 프로그램과 문화행사도 운영하고 있다.","","","","- 월요일~화요일 / 목요일~금요일 / 일요일 10:00~18:00 (입장마감 17:30)<br>
- 수요일 / 토요일 10:00~21:00 (입장마감 20:30)","1월 1일 / 설·추석 당일","무료","","","가능 (10대)","","가능","","없음","체험프로그램:어린이·가족  청소년  성인 등을 대상으로 한국 근·현대사를 쉽게 이해하고 올바른 근·현대사 역사관을 정립할 수 있도록 다양하고 심도 있는 교육 프로그램을 운영
외국인 체험가능 프로그램:[외국인 교육 프로그램]<br />
- 내용 : 대한민국근현대사 자료 체험 및 전시설명<br />
- 대상 : 외국인 및 다문화가족 단체 20명 내외<br />
※ 신청 및 문의 : 02-3703-9246
소장품현황:10만 6천여 점 (2015년 말 기준)
"
"1934593","국립현대미술관 서울","03062","","","서울특별시 종로구 삼청로 30 (소격동)","37.5786500878","126.9800038741","국립현대미술관(서울관)은 동시대 현대미술을 중점적으로 다루는 미술관이다. 1986년 개관한 과천관  1998년에 개관한 덕수궁관에 이어 2013년 개관한 서울관은 조선시대 소격서  종친부  규장각  사간원이 있던 자리에 자리 잡고 있다. [마당] 개념을 도입하여 건축한 국립현대미술관(서울관)은 누구나 즐기고 휴식을 취할 수 있는 공간으로 꾸며져 있다. 건물의 내외부가 유기적으로 연결되어 있으며  주변 명소와도 조화를 이루도록 설계되었다. 국립현대미술관(서울관)은 전시실을 비롯하여 디지털정보실  멀티미디어홀  영화관 등 다양한 시설을 갖춘 복합예술문화센터로서 한국 현대 미술품 전시 및 신매체 융복합 전시를 진행한다.","","전시공간 8,789㎡","","10:00~18:00<br>
수,토 10:00~21:00<br>
※ 발권시간 : 관람종료 1시간 전까지 가능","1월1일 / 설날 / 추석","상설전시 무료입장<br>* 기획전시는 홈페이지참고","","2시간","주차 가능 (161대)","기본 2시간 : 3,000원 (초과요금 30분당 500원)","없음","","가능","한국어 안내서비스:※ 월~일 : 11시~16시 매 정각 정시해설<br />

예약안내:단체(10인 이상) 관람시 사전예약
"
"1941440","아라리오뮤지엄 인 스페이스","03058","","","서울특별시 종로구 율곡로 83 ","37.5776336905","126.9884253574","아라리오뮤지엄은 ㈜아라리오의 창업자인 김창일 회장이 남다른 안목과 열정으로 수집한 컬렉션을 바탕으로 탄생한 컨템포러리 아트 뮤지엄이다. 서울과 제주에 위치한 아라리오뮤지엄은 사무실  영화관  모텔 등으로 사용되던 건물들을 활용해  기존 건물의 역사적 가치에 현대미술의 문화적 가치를 더함으로써 과거와 현재가 교차하는 독창적인 문화 공간으로 재탄생시켰다. 아라리오뮤지엄은 시대적  사회적  문화적으로 다양한 가치를 지닌 국내외 현대미술 작품들을 지속적으로 소개하며  관람객과 예술적 경험을 함께 나누고 소통하는 문화예술 공간이 되고자 한다.","","건축면적 1061m²","200명 수용 가능","10:00~19:00","매주 월요일","- 성인 15,000원<br>- 청소년 9,000원<br>- 어린이 6,000원","","","불가능","","없음","","가능",""
"1954333","국립한글박물관","04383","","","서울특별시 용산구 서빙고로 139 (용산동6가) ","37.5211206702","126.9804999007","국립한글박물관은 한글과 한글문화 가치의 보존  확산  재창조를 위해 설립된 공간이다. 한글 문화를 활용한 전시  교육  문화행사를 개최하고 한글  문자  글꼴 등을 연구  조사하여 한글의 가치를 발굴하고 그 우수성을 널리 알리기 위해 노력하고 있다. 한국의 대표적 문화유산인 한글의 역사와 가치를 일깨우는 전시와 체험  배움의 기회를 제공하는 박물관이다. 건축 연면적 1만 1 322㎡로 지하 1층 및 지상 3층 건물과 문화행사·전시·교육 등이 가능한 야외 잔디마당과 쉼터를 갖추고 있다. 1층에는 한글도서관이 마련되었으며  2층에는 상설전시실과 ㅎ카페  문화상품점  3층에는 기획전시실  어린이를 위한 한글놀이터  외국인을 위한 한글배움터 등으로 구성되어 있다.","","부지면적 15,700㎡<br />건축연면적 11,767㎡(지하1층, 지상4층)<br />전시면적 2,321㎡ (2층 1,310㎡, 3층 1,011㎡)","","월~금 / 일요일 10:00~18:00<br />
토요일 10:00~ 21:00<br />
※ 20명 이상 단체의 박물관 관람은 예약제로 운영","1월 1일 / 설날·추석 당일<br>※ 한글도서관 : 법정 공휴일 (한글날 제외)","무료","","약 1시간~1시간30분","가능(국립한글박물관 건물 지하 1층/70여 대)","기본 2시간 2,000원 (초과 시 30분 당 500원)","가능","","가능","한국어 안내서비스:[상설전시]<br />
월~일: 10:00  11:00  14:00  15:00  16:00<br />
- 휴일 및 공휴일 2시 해설은 초등학교 1~3학년 대상 어린이 해설로 진행
외국인 예약안내:정기 해설 시간에 맞추어 자유롭게 참여 가능<br />
* 20명 이상의 단체: 누리집을 통한 관람 신청(관람 희망일 7일 전까지)
예약안내:정기 해설 시간에 맞추어 자유롭게 참여 가능<br />
* 20명 이상의 단체: 누리집을 통한 관람 신청(관람 희망일 7일 전까지)
외국어 안내서비스:[영어] 수요일 14:00  15:00<br />
[중국어] 목요일 14:00<br />
[일본어] 금요일 14:00
대관안내:대관시설- 강당  별관(2  3)<br />
* 매월 / 국립한글박물관 누리집을 통한 온라인 접수<br />
* 문의: 02-2124-6292
"
"2010617","응암정보도서관","03479","","","서울특별시 은평구 가좌로 179 (응암동) 2~3층","37.5871091510","126.9206340476","응암정보도서관은 2009년 개관하여 은평구의 대표적 공공도서관이다. 도서관이 있던 기존 건물은 생활 SOC(사람들의 일상생활에 필요한 필수 시설)로 탈바꿈하기 위해 재건축에 들어갔다. 현재 상업건물 2~3층에 임시 이전하여 운영하하고 있다. 2층은 자료실과 전 연령을 위한 원서와 도서가 준비되어 있고  3층에는 독서 토론 및 문화강좌를 위한 문화강좌실이 마련되어 있다. 다양한 문화행사도 진행하고 있는데  지역주민의 지역적·문화적 특성을 고려한 프로그램으로 구성되어 있으며  유익하고 다양한 문화체험을 경험할 수 있다.","","","","09:00~18:00","매주 금요일 / 법정공휴일","무료","","","불가능","","없음","","없음","체험프로그램:문화행사
"
"2033802","둘리뮤지엄","01376","","","서울특별시 도봉구 시루봉로1길 6 (쌍문동) ","37.6521812863","127.0278390897","대한민국 최초 단일 캐릭터 박물관으로써  '아기공룡 둘리'의 다양한 에피소드를 오감으로 즐길 수 있는 복합 문화 공간이다. 1983년부터 1993년까지 10년간 월간 만화책 '보물섬'에 연재되어 대중에게 큰 관심을 받았던 '아기공룡 둘리'의 이야기를 기반으로  빙하 타고 쌍문동에 정착하게 된 둘리를 재조명하기 위해 도봉구 쌍문동에 둘리뮤지엄이 건립되었다. 둘리뮤지엄은 출판만화  애니메이션  캐릭터 상품 등 다양한 매체로 선보였던 ‘아기공룡 둘리’의 의미와 가치를 조명하고  둘리 친구들과 함께 만화 속 주인공이 되어 상상의 세계를 경험해 보는 체험형 캐릭터 박물관이다.","","","","10:00~18:00 (입장마감 17:00)","매주 월요일 (단, 월요일이 공휴일인 경우 정상 개관 및 다음날 휴관) / 1월 1일 / 설·추석 연휴","[평일]<br>- 개인 4,000원<br>- 단체 및 도봉구민 3,000원<br>[주말, 공휴일]<br>- 개인 5,000원<br>- 단체 및 도봉구민 4,000원<br>[무료]<br>- 24개월 미만 / 만 65세 이상 / 장애인(동반 1인) / 국가·독립유공자(배우자 포함)<br>※ 무료 입장의 경우 반드시 증명서 및 신분증 제시한 후 입장 가능<br>※ 상세한 내용은 홈페이지 참조","","","가능","무료","불가","","가능","체험프로그램:둘리와 친구들 컬러링 체험
예약안내:
"
"231972","코리아나 화장박물관","06024","","","서울특별시 강남구 언주로 827 ","37.5240601559","127.0327895008","코리아나 화장박물관은 한국의 전통 화장문화를 소개하는 국내 유일 전문 박물관이다. 전통 화장문화를 보존하고 널리 알리고자 2003년 11월 개관 이후 꾸준한 전시와 연구활동을 하며 성장해 왔다. 박물관은 자연에서 얻은 천연재료로 만든 화장재료  통일신라 시대부터 근대까지 여성이 사용했던 다양한 화장용기  화장도구  근대 화장품 등 상설전시와 기획전시를 통해 한국 화장의 역사와 흐름에 대한 이해를 높이는 것에 중점을 두고 있다. 이뿐만 아니라 한국과 중국  일본의 화장문화를 비교 연구하여 동북아시아 지역의 화장문화를 알리고  나아가 세계 화장문화를 연구하고 소개하는 선도적역할을 하고자 한다.","","","","- 화요일~금요일 11:00~18:30<br>
- 토요일 12:00~18:30","매주 일요일~월요일","[단일권]<br>- 일반 6,000원<br>- 학생 4,000원<br>[통합권(미술관+박물관)]<br>- 일반 10,000원<br>- 학생 7,000원<br>※ 무료 : 7세 이하 / 65세 이상 / 장애인","예술인패스 소지자 30% 할인","","가능","","없음","","없음",""
"231976","목인박물관 목석원","03022","","","서울특별시 종로구 창의문로5길 46-1 (부암동) ","37.5890707988","126.9633051014","2006년 종로구 인사동에서 개관한 목인박물관은 2019년 부암동으로 이전하여 목인박물관 목석원으로 재개관하였다. 목인이란  전통 인물 및 각종 동물의 모습을 조각한 목 조각상을 말한다. 
목인박물관 목석원에는 조선시대를 중심으로 근·현대에 이르기까지 상여장식용 조각 및 신당  사찰을 포함한 각종 민속 목조각상들이 약 12 000여 점이 있으며  이러한 자료들은 당시의 시대 및 생활상을 고증하고 연구하는데 중요한 기초 자료로 활용될 수 있다. 
7개의 실내전시장에서는 세계 각국의 목인(木人)이 전시되어 있으며  약 3 000여 평 규모의 야외전시장에서는 한국의 문인석(文人石)  무인석(武人石)  동자석(童子石)과 일본  중국 등 아시아의 다채로운 석인(石人)들도 만나볼 수 있다.","","","","- 하절기 10:30~19:00 (입장마감 18:00)<br>
- 동절기 10:30~18:00 (입장마감 17:00)","매주 월요일 / 설·추석 연휴","- 일반 10,000원<br>- 19세 미만(13~18세) 7,000원<br>- 36개월 이상~초등학생(3~12세) 5,000원<br>※ 모든 관람객에게 음료 1잔을 제공","- 회원가입시 2회차 방문부터 2,000원 할인<br >
- 단체(20인 이상) / 장애인 / 임산부 / 만 65세 이상 2,000원 할인","약 1시간~1시간 30분","가능","","없음","","가능","소장품현황:8 000여점 소장(300여점 전시)
"
"2390748","전통주갤러리","03059","","","서울특별시 종로구 북촌로 18 ","37.5784557709","126.9858672342","서울특별시 종로구 인사동에는 농림축산식품부와 문화체육관광부가 협력하여 만든  전통주의 가치를 느낄 수 있는 전통주 갤러리가 있다. 우리 농산물로 빚은 우리의 전통주를 상시적으로 홍보하기 위해 마련된 공간으로  소비자와 외국인이 손쉽게 얻기 어려운 전통주에 대한 다양한 정보를 제공하는 안내 창구의 역할을 하고 있다. 또한 지속적인 전통주의 수요 창출과 시장 확대를 위하여 외식기업 및 유통(판매) 전문가를 대상으로 전통주 교육과 비즈니스 상담을 지원하며  국내외 언론과 파워블로거를 통해 우리의 전통주와 문화가 홍보되도록 적극적인 홍보활동도 펼치고 있다. 전통주 갤러리는 전통주 소믈리에 등 전통주에 특화된 전문가들이 운영을 하고 있으며  매달 다른 주제를 가지고 다양한 전통주를 소개하고 시음하는 행사도 진행하고 있다.","","null","null","10:00~19:00","null","null","null","null","null","null","없음","","없음","입 장 료:무료
"
"2445728","북촌박물관","03055","","","서울특별시 종로구 북촌로 39 (가회동) ","37.5804388557","126.9848672690","북촌박물관은 우리의 문화자산을 인문학적 접근을 통해 과거와 소통하고  바람직한 미래를 열어 가는데 이바지하고자 시작되었다. 북촌박물관은 역사의 흐름 속에서 알게 모르게 우리의 생활 속에 이어져 온 유·무형의 문화자산을 전시하고 옛것이 지닌 미의식의 가치를 오늘의 생활에 연결시키고자 한다. 이를 위해 북촌박물관은 고미술품은 물론  전통의 가치가 새롭게 해석되고 재현된 현대미술 및 공예품의 전시를 통해 그 속에 깃든 ‘총체적인 삶의 아우라로서의 우리 문화’를 재조명한다. 또한  우리 문화의 전통적 가치를 공유하는 많은 이들이 풍속도의 한 장면처럼 모이고  그 모임을 의미 있는 형태로 기록하여 널리 알리는 통로 역할을 수행하며  전통의 바탕 위에서 오늘을 살고 있는 우리 삶의 가치를 되돌아보고  체험하는 온고지신(溫故知新)의 장을 마련하고 한다.","","","","10:00~18:00","매주 일요일~월요일 / 설·추석 연휴","- 성인 3,000원<br>- 청소년 / 65세 이상 2,000원<br>- 국가유공자 / 장애인 1,500원<br>※ 무료 : 미취학 아동","","약 30분","불가능","","없음","","가능","체험프로그램:목가구의 비밀을 찾아라!
소장품현황:조선시대 목가구 100여점
한국어 안내서비스:전시해설 상시<br>
※ 문의 02-766-8402
예약안내:전화예약 가능 <br>
※ 관람일로부터 일주일 이전에 신청
"
"2469662","서울돈화문국악당","03134","","","서울특별시 종로구 율곡로 102 (와룡동) ","37.5773532075","126.9906584954","창덕궁의 얼굴인 돈화문의 이름을 딴 서울돈화문국악당은 전통문화 지역인 창덕궁 일대의 정체성을 회복하기 위해 창덕궁 맞은편 주유소 부지를 서울시가 매입하여 국악전문 공연장으로 조성하였다. 전통 한옥과 현대 건축 양식이 혼합된 공연장은 자연음향으로 국악을 감상할 수 있는 실내 공연장과 야외공연을 위한 국악마당으로 구성되어 있어 관객들이 연주자와 함께 호흡하며 우리 전통의 멋을 쉽게 경험할 수 있다. 자체 기획‧제작 공연과 민간 공연예술 단체와의 협업을 통해 우리 예술의 멋을 알리는데 기여하고 있다.","","","공연장 : 140석","09:00~20:00<br>
※ 공연 여부에 따라 운영시간이 상이함","매주 월요일","공연 별로 상이함","","","불가능","","없음","","가능","예약안내:전화/홈페이지 예약 가능<br />
02-3210-7001~2  <a href="http://www.sdtt.or.kr" target="_blank" title="새창 : 서울돈화문국악당 홈페이지로 이동">http://www.sdtt.or.kr</a>
"
"2501597","흰물결아트센터","06595","","","서울특별시 서초구 반포대로 150 (서초동) ","37.4934854711","127.0072982423","황무지에 ‘나무를 심는 사람’처럼  한 변호사가 삭막한 법조단지에 문화를 심고 사람 본연의 순수함과 선함이 '물결'처럼 퍼져나가기를 바라는 마음으로 흰물결아트센터를 탄생시켰다. 흰물결아트센터는 화이트홀  예술극장  아트홀 3개의 공연장과 흰물결갤러리  도서출판 흰물결  서점 북 앤 뮤직이 자리하고 있는 복합문화공간이다. 각 공연장은 소리의 울림과 잔향을 고려해 특별 제작된 반사판과 음향시스템을 갖춰 관람석 어디에서나 풍성한 소리를 들을 수 있어 클래식  뮤지컬  연극은 물론 북콘서트  팬미팅  기업행사 등 다양한 장르의 공연과 행사로도 사랑받고 있다. 흰물결갤러리는 자유로운 공간구성과 섬세한 조명으로 회화  조각  설치  사진 등 전시작품이 빛나는 공간이다.","","","- 화이트홀 475석<br>- 예술극장 303석<br>- 아트홀 200석","09:00~22:00<br>
※ 공연 별로 상이함","연중무휴<br>※ 공연 별로 상이함","공연 별로 상이함","","","가능","","불가","","가능","사업내용:공연 기획 및 제작 / 미술작품 전시 / 공연장 및 갤러리 대관 / 서적 출판 / 서적 및 음반 판매 / 잡지 및 정기간행물 발행 등
"
"2507822","별마당도서관","06164","","","서울특별시 강남구 영동대로 513 ","37.5118092746","127.0591318945","별마당 도서관은 코엑스몰 중심에 총 2 800㎡ (약 850평) 복층으로 구성되어 있다. 13m 높이 서가의 은은한 불빛이 공간 전체를 부드럽게 감싸는 편안한 서재를 콘셉트로 다양한 테이블과 노트북 작업이 가능하도록 콘센트가 마련되어 있다. 특히 1층은 지하 1층의 선큰(Sunken) 공간을 조망하면서 여유롭게 독서 가능한 독립적인 공간으로 구성되어 있다. 
별마당 도서관은 총 7만 여권의 장서를 갖추고 있다. 인문  경제  취미 실용 등 분야별로 다양한 도서가 구비되어 있고  외국 원서 코너  유명인의 서재 코너  아이패드로 볼 수 있는 E-Book 등이 있다. 또한  해외 잡지까지 총 6백 여종의 잡지를 모아놓은 잡지 특화 코너는 일반 도서관과 차별화된 별마당 도서관의 장점이다.
이뿐만 아니라 저자들과 직접 만나는 작가 토크쇼와 시 낭송회  이 시대의 지성과 명사를 초청하는 강연회 및 음악이 함께 하는 북콘서트 등 책을 주제로 한 다채로운 문화 행사도 열린다.","","2,800㎡ (약 850평)","","10:30~22:00","연중무휴","무료","","","가능","15분당 1,500원","없음","","없음",""
"2535347","근현대사기념관","01013","","","서울특별시 강북구 4.19로 114 (수유동) ","37.6434957358","127.0028443946","근현대사기념관이 위치한 서울시 강북구는 3·1 운동의 발원지인 봉황각과 순국선열 애국지사의 묘역 그리고 국립 4·19 민주묘지가 자리 잡고 있는 독립정신과 민주주의의 성지로  선열들의 높은 뜻을 제대로 기억하고 전파하기 위해 동학농민운동부터 4·19 혁명까지 자랑스러운 우리 역사를 전시에 담았다. ‘자유’  ‘평등’  ‘민주’의 이념이 선열들이 피땀 흘려 체득하고 축적해 온 소중한 가치임을 감동이 있는 서사로 전달함으로써 ‘독립운동가들이 꿈꾼 나라’  ‘사월혁명의 투사들이 소원했던 나라’가 바로 대한민국의 미래상임을 알리고자 2016년 5월에 개관하였다. 매해 새로운 기획전과 역사 체험 프로그램을 진행한다.","","","","09:00~18:00 (입장마감 17:30)","매주 월요일(단, 월요일이 공휴일인 경우 그 다음날 휴관) / 1월 1일 / 설·추석 연휴","무료","","","가능","","없음","","없음","사업내용:기획전시 / 교육·학술 프로그램
소장품현황:박물류 / 지류 / 도서류 / 영상기록류
"
"2545920","국립어린이과학관","03072","","","서울특별시 종로구 창경궁로 215 (와룡동) ","37.5818277974","126.9967994757","국내 최초의 어린이 전용 국립과학관은 미래사회를 이끌 창의 융합형 인재 양성을 목표로 2017년 12월 개관하였다. 이곳은 과학적 원리를 근간으로 놀이와 배움을 동시에 체험할 수 있는 감각놀이터  상상놀이터  창작놀이터 3개의 과학놀이터와 천체투영관 및 천체관측소  그리고 오감으로 즐길 수 있는 4D 영상관 등 최신의 전시공간을 갖추고 있다. 또한  아이들이 부모님과 함께 배울 수 있는 과학창작 교실과 지역사회와 협업하는 과학문화 축제 등 다양한 맞춤형 프로그램들을 기획 및 운영하고 있다.","","","","09:30~17:30 (입장마감 16:30)","매주 월요일 (단, 월요일이 공휴일인 경우 개관하며, 화요일에 대체 휴관)  / 1월 1일 / 설·추석 당일","[상설전시관]<br>- 성인 2,000원<br>- 청소년 1,000원<br>- 초등학생 1,000원<br>※ 무료 : 6세 이하 / 우대고객<br><br>[천체투영관]<br>- 성인 1,500원<br>- 청소년 1,000원<br>- 초등학생 1,000원<br>- 유아(4~6세) 1,000원<br>- 우대고객 1,000원<br><br>[4D영상관]<br>- 성인 1,500원<br>- 청소년 1,000원<br>- 초등학생 1,000원<br>- 유아(4~6세) 1,000원<br>- 우대고객 1,000원<br>※ 자세한 사항은 홈페이지 참조","","","불가능","","가능","","가능","체험프로그램:과학교육프로그램<br>
※ 일정 별로 진행하는 프로그램이 상이하므로 자세한 사항은 홈페이지 참조
예약안내:

"
"2552251","경기여고 경운박물관(서울)","06324","","","서울특별시 강남구 삼성로 29 ","37.4867511901","127.0656764529","경운박물관은 2003년 경기여고 동문이 뜻을 모아 2003년에 설립하였다. 개관 전 ‘근세복식과 우리 문화’를 시작으로 40회의 기획전을 통해 근세 왕실복식과 근·현대복식 및 직물 소장품의 아름다움과 학술적 역사적 가치를 알리려 노력해 왔다. 기획전시와 도록 발간 외에도 수준 높은 아카데미 강좌  전시와 연계된 체험학습 교육  대한제국 황제 12장복과 적의  황룡포  흑단령 재현 작업 등은 동문으로 구성된 자원봉사자들의 재능기부 결과물이다. 이처럼 경기여고 경운박물관은 역사와 전통이 숨 쉬고 세대 간 대화와 소통이 이루어지는 아름다운 문화공간이다.","","","","[기획전시] 월요일~토요일 10:00~16:00<br>
[상설전시] 월요일~금요일 10:00~16:00","매주 일요일 / 공휴일","무료","","약 30분","가능","2,000원","불가","","불가","체험프로그램:
소장품현황:
예약안내:
"
"2591885","구로꿈나무장난감나라 오류점","08272","","","서울특별시 구로구 경인로20가길 38 (오류동) ","37.4954101430","126.8460489851","장난감 놀이는 자라는 아이들이 숨을 쉬고 음식을 먹는 것만큼 자연스럽고 중요한 일이지만  아이들의 놀이터가 점점 없어지고 유익하고 재미있는 놀잇감이 부족한 현실에서 장난감나라는 부모들의 재정적 부담을 덜어주고 다양한 장난감을 빌려줌으로써 가족이 함께 놀이하는 기회를 제공하고 있다. 자라는 아이의 신체발달과 정서함양  그리고 두뇌 개발 등 자녀 양육을 지원하는 시설에 부모들의 관심이 모아지게 되었다. 전국 232개 자치구 중 최초로 문을 연 꿈나무 장난감나라는 서울시에 주민등록이 되어있거나 서울시 소재 기업체 직원  자녀의 연령이 만 나이 기준 8세인 경우  장애 아동의 경우 12세이면 1년 단위 연회비 15 000원이면 이용이 가능하다. 대여료는 무료이다. 아동 1인당 2점씩 14일 동안 대여가 가능하며  1회 14일 연장이 가능하다. 대여 중인 장난감 1점 당 1인씩 예약도 가능하다.","","","","- 하절기(3월~10월) 10:00~19:00<br>
- 동절기(11월~2월) 110:00~18:00<br>
- 주말 10:00~17:00","매주 화요일 / 법정 공휴일","[연회비] 가족당 15,000원<br>[대여료] 무료<br>※ 무료 : 저소득주민등(국민기초생활보장수급자 / 한부모가정 / 장애아동가정)","- 할인 : 다둥이카드 소지자(2자녀50%, 3자녀100%)","","가능","- 대여 시 30분 무료<br>
- 1회 주차 시 5분당 150원","없음","","불가","소장품현황:장난감 2 851점
사업내용:부모님들의 장난감구매에 따른 재정부담을 줄이고 아이들이 여러 가지 장난감을 마음껏 경험할 수 있도록 기회를 제공하기 위해 설립

"
"2611626","양천구 갈산도서관","08104","","","서울특별시 양천구 목동남로4길 48-6 ","37.5088978449","126.8673577758","갈산도서관은 신정7동 주민들의 문화 쉼터 공간으로서 양질의 도서와 다양한 문화프로그램 제공을 통해 지역 주민들의 독서 흥미를 유발하고 올바른 독서 습관 형성에 기여할 수 있는 양천구 중심 도서관이다. 다양한 도서와 자료를 보유하고 있어 학습과 독서에 적합한 환경을 제공한다. 최신 정보와 자료를 찾을 수 있는 시설과 편안한 열람 공간을 갖추고 있다. 또한  어린이와 청소년을 위한 프로그램이 다양하게 운영되어 가족 단위 방문객에게 인기가 많다. 누구나 쉽게 접근할 수 있는 도서관으로  지식과 정보를 나누는 중요한 역할을 한다.","","","","[종합자료실]<br>
- 평일 09:00~22:00<br>
- 주말 09:00~18:00<br>
[어린이자료실]<br>
- 평일 09:00~18:00<br>
- 주말 09:00~18:00","매주 월요일 / 법정공휴일","무료","","","가능","","없음","","없음","체험프로그램:독서문화프로그램
"
"2611675","신월음악도서관","07929","","","서울특별시 양천구 오목로5길 34 (신월동) ","37.5247705145","126.8401042589","신월음악도서관은 2006년 2월 지역 주민들에게 독서문화 및 지식정보제공을 위해 신월4동 복합청사에 설립된 양천구 구립도서관이다. 양천구 지역 주민들을 위한 독서 및 문화 나눔터를 지향하며  주민들의 다양한 관심사를 반영한 장서와 독서 및 문화 프로그램을 제공하면서 올바른 도서관 문화 형성에 기여하고 있다.","","","","[음악도서관]<br>
- 평일 09:00~22:00<br>
- 주말 09:00~18:00<br>
[어린이자료실 / 정보검색실]<br>
- 평일 09:00~18:00<br>
- 주말 09:00~18:00","매주 월요일 / 법정공휴일","무료","","","","","없음","","없음","체험프로그램:독서문화프로그램
예약안내:
"
"2612093","양천구 역사홍보관","08094","","","서울특별시 양천구 목동동로 81 (신정동) 1층","37.5160302875","126.8638773374","양천구 역사홍보관은 해누리타운 1층에 위치해 있다. 이곳은 양천구의 역사 변천과정을 시간적 흐름에 따라 시각적으로 구현해 아이들부터 학생  어르신에 이르기까지 양천구의 역사를 한눈에 쉽게 알 수 있도록 했다. 양천구의 연혁이 한눈에 보기 쉽게 정리되어 있으며  기록과 역사를 담아내고 있다. 양천구에 대해 깊이 알고 싶다면 역사홍보관 방문하는 것을 추천한다.","","","","- 평일 06:30~23:00<br>
- 토요일 08:00~19:00<br>
- 일요일 및 공휴일 08:00~18:30","연중무휴","무료","","","가능<br>※ 단, 일요일 및 공휴일에는 폐쇄","5분당 150원","없음","","없음","체험프로그램:
예약안내:
"
"2616589","양천구 영어특성화도서관","08094","","","서울특별시 양천구 목동동로 81 (신정동) ","37.5160302875","126.8638773374","양천구 해누리타운 7층에 위치한 영어특성화도서관은 기존에 있던 어린이영어도서관 및 영어체험센터를 새롭게 리모델링한 공간이다. 도서관에는 도서 5만여 권이 비치되어 있으며  이중 19 500권이 영어 관련 서적으로 유아들이 읽기 쉬운 동화책부터 성인들이 볼 수 있는 영어 원서까지 다양한 주제의 서적들을 구비했다. 특히 비치된 도서 19 500여 권 중 2 530권이 지역 주민  기업  종교단체로부터 기증된 책이다. 서가 외의 공간은 어린이영어자료실  어학실 2개  프로그램실 2개  스토리텔링룸  해외자매결연도시 자료실 등으로 알차게 구성하여 아이들을 위한 영어교육 공간이자 지식충전공간으로 자리매김하고 있다.","","","","- 평일 09:00~22:00<br>
- 주말 09:00~18:00","매주 일요일 / 법정공휴일","무료","","","가능","30분 무료 / 이후 10분당 300원","없음","","없음","체험프로그램:독서문화프로그램
"
"2638478","서울도시건축전시관","04519","","02-736-8050","서울특별시 중구 세종대로 119 ","37.5669375007","126.9767183947","서울도시건축전시관은 서울시가 2015년 광복 70주년을 맞아 일제강점기의 잔재였던 옛 국세청 별관 건물을 철거하고  그 자리의 역사적 가치를 회복해 시민들에게 되돌려주는 ‘세종대로 일대 역사 문화 특화 공간 조성 사업’의 일환으로 설립한 전시관이다. 국내 최초로 설립된 도시건축 분야 전문 전시관이다. 지상층에 시민광장을 조성하고  지하 3개 층을 전시관으로 조성했으며  지하층은 지하 보행로를 통해 시민청과 연결된다. 서울도시건축전시관은 서울의 도시발전과정과 미래 비전을 제시하고 시민 모두가 도시건축을 가까이하고 문화적 자산으로 인식할 수 있도록 도시·건축·공간 분야의 플랫폼이다. 또 하나의 시민 소통 공간  문화향유 공간으로 서울이라는 도시의 형성 과정과 배경  역사성과 지역성에 대한 이해를 돕는다.","","null","null","10:00~18:00 (입장마감 17:30)","null","null","null","null","null","null","불가","","없음","입 장 료:무료 <br>
※ 일부 기획전시는 경우에 따라 별도 운영
이용가능시설:갤러리 / 회의실 / 인포메이션 
"
"2648051","평화문화진지","01318","","","서울특별시 도봉구 마들로 932 (도봉동) ","37.6907576895","127.0464307380","2017년 개관한 평화문화진지는 군사시설인 옛 대전차방호시설을 문화창작 공간으로 재탄생시킨 곳이다. 대결과 분단의 상징이었던 대전차방호시설의 흔적들을 보존한 채 공간재생사업을 통해 평화와 창조의 공간으로 거듭난 평화문화진지는 지역 내 예술가들에게 시설 내 공간 및 장비를 지원하고 지역문화의 활성화를 도모하는 문화예술프로그램을 운영하며 시민들과 함께 문화를 이어가고자한다.","","","","10:00~18:00","매주 월요일 / 1월 1일 / 설·추석 연휴","무료","","약 40분","불가능","","없음","","없음","체험프로그램:문화예술 체험 / 시설투어 체험
"
"2738571","서울공예박물관","03061","","","서울특별시 종로구 율곡로3길 4 (안국동)","37.5767003779","126.9835480508","2021년 7월  종로구 안국동에 문을 연 서울공예박물관은 서울시에서 (구) 풍문여고 건물 5개 동을 리모델링하여 건축한 한국 최초의 공립 공예박물관이다. 서울공예박물관은 공예품뿐만 아니라  공예를 둘러싼 지식  기록  사람  환경 등을 연구하고 공유함으로써 공예가 지닌 기술적·실용적·예술적·문화적 가치를 경험할 수 있는 역동적인 플랫폼이 되는 것을 목표로 하고 있다. 서울공예박물관은 전통부터 현대까지 다양한 시대와 분야를 아우르는 2만여 점의 공예품과 공예자료를 수집  보유하고 있으며 공예역사전시  현대공예전시  지역공예전시  어린이공예전시  공예 아카이브  공예 도서관  공예자원관리시스템  공예작품설치 프로젝트 등 다양한 전시와 프로그램  자료와 시스템을 준비 중이다. 서울공예박물관 터는 세종의 아들 영응대군의 집  순종의 가례를 위해 건축된 안국동별궁 등 왕가의 저택으로 사용되거나 왕실 가례와 관련된 장소로서 오랜 역사를 지닌 곳이며  수공예품을 제작하여 관에 납품하던 조선의 장인 '경공장(京工匠)'들이 존재했던 종로구의 중심 지역이기도 하며  주변에 북촌  인사동  경복궁 등이 인접해 있어 다양한 문화적 경험이 가능한 장소이기도 하다.","","","","10:00~18:00","매주 월요일 / 1월1일","무료 (대관전시 유료 가능)","","","","","없음","","없음",""
"2745602","에스팩토리","04783","","","서울특별시 성동구 연무장15길 11 (성수동2가) ","37.5423085165","127.0594809973","에스팩토리는 1980년대부터 이어온 공장지대와 젊은 예술가들의 개성 강한 공간들이 멋스럽게 어우러진 성수동은 서울의 새로운 명소가 되었다. 이곳은 2014년 ‘도시재생 시범구역’으로 선정된 후 수제화 거리와 공장지대로 젊은 문화예술인들이 모여들기 시작했고  젊은 문화예술인들이 운영하는 작은 카페  레스토랑  공방은 성수동의 새로운 풍경이 형성되었다. 현재 스튜디오  오피스  레스토랑  카페  팝업 스토어 등이 한 곳에 모여 있으며  대관  공연  전시 등 다양한 문화 행사가 펼쳐지고 있다.","","","","10:00~22:00 <br>
※ 점포 별로 상이함","연중무휴<br> ※ 점포 별로 상이함","","","","가능","10분당 1,000원","없음","","가능",""
"2751303","서울특별시교육청 융합과학교육원 남부분원","08283","","","서울특별시 구로구 구로중앙로27나길 21 (구로동) ","37.4966190367","126.8853287058","서울특별시교육청 융합과학교육원은 서울과학교육의 센터로서 학생들에게는 과학탐구 체험활동을 통하여 과학에 대한 관심과 흥미를 높이고  교원들에게는 다양한 연수 및 교수학습에 필요한 자료 제공을 통하여 전문성을 신장시킬 수 있도록 지원하며  일반 시민들에게는 과학체험학습의 장을 제공하고 있다. 융합과학교육원은 본원  남산분원  동부분원  남부분원이 있다. 여기서 남부분원은 서울 남부권역 유치원  초등 중등학교 학생을 대상으로 하는 생태체험과 과학탐구교육  수학과 과학 분야 영재교육  학교 수업 지원을 위한 다양한 교사 직무연수를 담당한다. 유아과학놀이교실  자연사전시실  화학실  생명과학실  지구과학실  물리학실  초등·중등발명교실  자연관찰원 등으로 구성되어 있다. 또한 이곳에서는 유아과학놀이교실  과학창의력교실  토요가족생태환경교실  특별프로그램 등 다양한 과학 프로그램을 운영하고 있다.","","","","09:00~17:00","매주 토요일~일요일 / 공휴일","무료<br>※ 단, 프로그램 이용시 별도","","","불가능","","없음","","없음","체험프로그램:유아과학놀이교실 / 과학창의력교실 / 남부전환기특별프로그램은 / 토요가족생태환경교실<br>
※ 자세한 사항은 홈페이지 참조
"
"2753089","더서울라이티움","04769","","","서울특별시 성동구 서울숲2길 32-14 (성수동1가, 갤러리아 포레) 2층","37.5455245178","127.0432601616","더서울라이티움은 세계적인 빛의 건축 디자이너 장 누벨(Jean Nouvel)이 공간 디자인에 직접 참여한 서울시의 랜드마크로 갤러리아 포레에 소재해 서울숲과 연계된 교통의 요지에 자리 잡고 있다. 1관은 미디어아트 상설전시  2관과 5관은 복합전시 및 문화행사  3관은 소상공예술인 전시  Atrium은 문화 예술 전시를 하고 있다. 시즌별로 다양한 전시가 기획되고 있으며  박람회  세미나  상품론칭쇼 등 시설 대관도 가능하다.","","","","10:00~19:00","매주 월요일 / 설·추석 연휴 / 전시 준비기간","전시 별로 상이함","","","가능 (780대)","10분당 2,000원","없음","","가능",""
"2762852","농업박물관","04516","","","서울특별시 중구 새문안로 16 (충정로1가) ","37.5668984613","126.9680664061","농업박물관은 농업인들이 기증한 전통 농경유물을 잘 보존해 후대 교육용으로 활용하기 위해 1987년 설립된 국내 최초의 농업전문박물관으로  선사시대부터 현대에 이르기까지 한국 농업의 발달과정을 한눈에 볼 수 있도록 유물·자료·농기구·운반도구 등을 전시하고 있다. 2005년 기존 박물관을 헐어 새 박물관을 건립해 다양한 전시와 교육체험프로그램을 마련해 획기적 변혁을 도모했고  2017년 개관 30주년을 계기로 더 알차고 다양한 전시·교육체험 행사로 농업의 소중함과 정직함을 배우는 기회를  제공해오고 있다.","","","매 시간 150명","하절기(3월~10월) 09:30~18:00<br>
동절기(11월~2월) 09:30~17:30<br>
※ 입장마감 : 17:00","매주 월요일 / 1월 1일 / 설·추석연휴 / 근로자의날 / 법정공휴일","무료","","","불가능","","없음","","없음",""
"2762871","이화여고100주년기념관","04516","","","서울특별시 중구 정동길 26 (정동)","37.5658819712","126.9713189165","이화여고 100주년 기념관은 1975년의 화재로 철거된 프라이홀 자리에 건립한 교육관으로 서울 중구 정동길 이화여고 동문 옆에 있다. 화재로 철거되기 전까지 프라이홀은 구 손탁호텔을 대신하여 기숙사와 실험실  교실 등으로 활용되었다. 프라이홀의 복원을 위한 졸업생들의 오랜 노력 끝에 2004년 이화여고 100주년 기념관이 준공되었다. 지하 1층  지상 5층의 멀티미디어 교육관으로 갤러리  카페  음악실  개인연습실  시청각실  공동작업실  교사연구실 등의 다양한 시설들을 갖추고 있다. 1층과 2층의 화암홀은 공연에 적합한 최신 시설과 장비를 갖추고 있어 뮤지컬  콘서트 등 다채로운 공연과 교육 행사 장소로 이용되고 있다.","","","433석","※ 공연 및 행사 별 상이하므로 홈페이지 참고","※ 공연 및 행사 별 상이하므로 홈페이지 참고","※ 공연 및 행사 별 상이하므로 홈페이지 참고","","","불가능","","없음","","가능","체험프로그램:	

예약안내:

"
"2765202","서소문성지역사박물관","04510","","","서울특별시 중구 칠패로 5 (의주로2가) ","37.5596854342","126.9693637143","서소문성지역사박물관은 순교한 천주교인들을 기리는 곳으로 2019년 6월 개관하였다. 천주교 박해와 관련한 전시와 예술 작품을 만나 볼 수 있고  매주 목요일에 서소문 역사탐방 해설을 진행하고 있어 서소문 성지와 천주교의 역사에 관한 상세한 설명을 들을 수 있다.
서소문성지역사박물관은 서소문 역사공원 내 위치하고 있으며  지하 2층에 상설전시관이 마련되어 있다. 계단을 따라 지하 3층으로 내려가면 하늘광장을 만나게 된다. 하늘광장은 경건함을 가득 담은 공간으로 절제된 사각형의 공간으로 이루어져 있다. 하늘  빛  직선만이 존재하는 이 공간은 천주교 박해의 먹먹함과 슬픔이 그대로 담겨있다. 또한 이곳은 건축 디자인으로도 유명하여 많은 사람의 발걸음을 이끄는 곳으로 2019년 서울시 건축상 최우수상을 받았다.","","","","09:30~17:30 (입장마감 17:00)","매주 월요일 / 1월 1일 / 설·추석 당일","무료","","","가능 (216대)","기본 30분당 2,000원 / 초과 시 10분당 600원","없음","","없음","소장품현황:경국대전 외 87건		

예약안내:
"
"2773382","서울기록원","03371","","","서울특별시 은평구 통일로62길 7 (녹번동) ","37.6071987219","126.9340516999","서울기록원은 서울특별시 시정 기록과 서울 시민의 기억과 기록을 수집하여 전문적으로 보존·관리하고 기록정보 서비스를 제공하는 공공아카이브다. 서울의 중요한 기록을 모으고 관리하는 데 전념하여 서울의 과거와 오늘이 미래에 생생하게 전해질 수 있도록 하고 있다. 역사적인 기록물들이 영구히 보존될 수 있는 최적의 환경을 조성하고  훼손된 문서의 복원작업에도 헌신하고 있다. 이러한 과정을 통해 기록이 단순히 남겨지는 것이 아니라  살아 숨 쉬는 역사로서 그 가치를 유지할 수 있도록 한다. 더불어 서울기록원을 방문하는 모든 사람들에게 기록을 통한 새로운 발견과 학습의 기회를 제공하는 다양한 전시와 교육프로그램을 마련하고 있다.","","","","10:00~17:00","매주 월요일 / 1월 1일 / 설·추석 당일","무료","","","가능","","없음","","가능","체험프로그램:※ 일정 별로 진행하는 프로그램이 상이하므로 자세한 사항은 홈페이지 참조
소장품현황:서울의 100여 년 동안을 기록하는 문서(종이  영상  사진 등)
"
"2791398","서울옥션 강남센터","06017","","","서울특별시 강남구 언주로 864 ","37.5274847788","127.0339392991","서울옥션은 1998년 설립된 국내 최초의 미술품 경매 회사이다. 한국 고미술과 근현대 미술은 물론  콜렉터블 아트  와인  보석  건축에 이르기까지 다양한 품목을 취급한다. 또한 평창동 본사와 강남 센터는 물론 홍콩 전시장을 갖추고 있어 경매 외에 다양한 문화 이벤트와 아카데미 등을 열고 있다.
서울옥션은 평창동에 이어 2019년 1월 서울 강남구 신사동에 서울옥션 강남센터 문을 열었다. 평창동 서울옥션 사옥과 인천국제공항 등을 설계한 프랑스 건축가 장 미셸 빌모트(Jean-Michel Wilmotte)가 디자인과 설계를 맡은 건물로  지상 8층  지하 5층 규모로 경매장  전시장  아카데미홀 등으로 구성되어 있다. 서울옥션 강남센터는 강남을 대표하는 랜드마크로서 대중들이 일상 속에서 미술을 향유하고  미술품 경매를 보다 가깝게 느끼고 경험할 수 있는 복합 문화공간이다.","","","","10:00~19:00","연중무휴","","","","가능","","없음","","없음",""
"2821711","북촌한옥역사관","03057","","","서울특별시 종로구 계동4길 3 ","37.5823581167","126.9870781245","북촌한옥역사관은 종로구 계동 4길 3에 있으며  한옥을 개조한 공간에서 북촌 역사를 살펴 볼 수 있다.
1920~1930년대 '조선집'이라 불린 소형 한옥과 이를 공급하면서 당시 '건축왕'이라 불렸던 기농 정세권 선생을 조명한다.","","","","10:00~18:00 (13:00~14:00 점심시간)","매주 월요일","무료","","","없음","","","","",""
"2834048","하이커 그라운드","04521","","","서울특별시 중구 청계천로 40 한국관광공사 서울센터 ","37.5685818430","126.9816428989","한국관광공사 서울센터에 개관한 ‘하이커 그라운드’는 K-POP 체험과 미디어 아트 관람을 동시에 할 수 있는 한국 관광 홍보관이다. 
'하이커 그라운드'의 이름에는 한국(KR)이 반가운 인사(Hi)를 건네고 글로벌 여행자들의 놀이터(Playground)가 되겠다는 뜻이 담겨있다.
특히 MZ 세대를 위해 다양한 방식으로 한국 관광 콘텐츠를 제공하고 있다.

1층은 대형 미디어 ‘하이커 월’을 통해 다양한 미디어 아트를 즐길 수 있는 공간으로  미디어 아티스트 이이남 작가의 ‘신도시산수도’  글로벌 한류 팬들이 공모한 한국 관광 영상 등을 볼 수 있고 2층「케이팝그라운드」에서는 XR 라이브 스튜디오를 활용하여 K-pop 뮤직비디오를 직접 제작해보는 체험을 할 수 있다. 청계천이 보이는 창가에서 설치미술가 서도호 작가의 ‘North Wall’ 작품을 감상하며 계단을 올라가면  3층 「하이커스트리트」를 발견할 수 있다. 국내 1세대 그래피티 라이터인 알타임죠 작가의 작가의 작품과 함께 골목골목 한국의 자연스러운 일상문화 콘텐츠를 AI  AR  XR 등 최신기술로 구현한 상설전시이다. 4층「로컬그라운드」에서는 한국 로컬 관광을 다양한 예술  체험  전시를 통한 기획전시(~25.06  「노마드의 모자샵」  PER:SCENT   「나의 한국적 취:향香」 전시 중) 로 만날 수 있으며 마지막 5층 하이커 라운지에서 청계천을 조망할 수 있는 포토스팟 테라스와 함께 관광안내센터가 위치하고 있어 다양한 한국관광정보를 얻을 수 있다.","","","","[1, 5층]<br>
- 월~일요일 10:00~19:00<br>
[2~4층]<br>
- 화~일요일 10:00~19:00<br>
※ 운영시간 종료 20분 전까지 입장 가능","","무료 (유료는 별도 공지)","","","가능 (기본 30분 2,000원 이후 10분당 1,000원 / 일일 최대 30,000원)","","","","",""
"3058449","성북구립미술관","02837","","","서울특별시 성북구 성북로 134 (성북동) ","37.5948901340","126.9949020554","성북구립미술관은 자치구 최초의 공립미술관으로  2009년에 개관한 이래 지역 특성을 반영하여 한국 근현대미술 중심의 전문성과 미술문화 향유기회의 확장과 공공성을 지향하는 미술관으로 운영해오고 있다. 지역의 문화예술 자산을 보존하려는 노력  지역공동체와의 적극적인 소통  지역주민을 위한 긴밀한 교육기관  작가가옥미술관의 설립 등 중요한 역할을 담당하며 지역 안팎의 교두보가 되는 사업을 시행하고 있다.","","","","10:00~18:00 (입장마감 17:30)","매주 월요일 / 1월 1일 / 설·추석 당일","전시 별로 상이함","","","가능","","","","",""
"3080501","에스파스 루이비통 서울","06015","","","서울특별시 강남구 압구정로 454 (청담동) 루이비통 메종 서울 4층","37.5256657669","127.0462410086","에스파스 루이비통 서울(Espace Louis Vuitton Seoul)은 다양한 예술품들을 전시하는 도심 속의 미술관으로  도쿄  뮌헨  베네치아  베이징  오사카에 이어 서울에 위치한 루이비통 재단 미술관(Fondation Louis Vuitton)이다. 소장품들에 대한 국제적인 접근성을 높여 대중에게 관람 기회를 제공하고자 하는 재단의 목표하에 세워졌다. 게르하르트 리히터  앤디 워홀 등 다양한 예술가들에 대한 특별전을 진행한다.","","","null","null","null","null","null","null","null","null","","","",""
"3304115","강서별빛우주과학관","07508","","","서울특별시 강서구 금낭화로 178 (방화동) (방화근린공원 내)","37.5810885136","126.8146355542","강서별빛우주과학관은 시민들이 천문우주과학에 보다 쉽게 다가설 수 있는 공간으로 만들어졌다. 천문학 상식을 넓힐 수 있는 전시 시설과 다양한 강좌 프로그램을 위한 강의 공간을 갖추고 있다. 60여 명을 수용할 수 있는 지름 10m 천체투영실에서는 별자리 교육을 받고  천문우주영상을 관람할 수 있다.","","","천체투영실 : 68석(휠체어공간 2석 포함)","화요일~일요일 09:30~18:00 (입장마감 17:30)<br>
※ 야간 운영 시 별도 공지 (홈페이지 참조)","매주 월요일 / 1월 1일 / 설·추석 당일<br>※ 단, 월요일이 공휴일인 경우, 그 다음날 휴관<br>※ 시설 점검 및 그 밖의 사유로 인해 휴관 할 수 있음 (홈페이지 사전 공지)<br>※ 천재지변 등 긴급한 사유로 인할 경우 공지 없이 휴관 할 수 있음","- 성인(19세~64세) 2,000원<br>- 어린이 / 청소년(7세~18세) 1,000원<br>※ 무료 : 6세 이하 / 65세 이상 / 국가유공자 / 장애인<br>※ 천체투영실 관람을 제외한 평일 과학관 전시실 관람은 무료(전체 대상)<br>※ 관람료 면제 대상자의 경우 해당 면제 사항을 증빙 할 수 있는 신분증이나 서류 지참 필수","","천체투영실 : 50분","불가능","","","","가능","체험프로그램:천체투영실 / 아기랑 함께하는 천체투영실 / 전시해설 / 천체관측 등
예약안내:
"
"3304212","글래드스톤 갤러리","06070","","","서울특별시 강남구 삼성로 760 (청담동) ","37.5228189148","127.0484408888","40년 전통을 이어온 뉴욕에 중점을 둔 글래드스톤 갤러리는 아시아의 첫 지점으로 서울을 선택했다. 1980년 미국 뉴욕에서 설립된 글래드스톤 갤러리는 미국 로스엔젤레스  벨기에 브뤼셀  이탈리아 로마 등에서 갤러리를 운영하고 있다. 현대미술을 대표하는 작가 엘렉스 카츠  우고 론디노네 등과 함께하며 국제적으로 인정받고 있는 갤러리이다.","","","","화요일~토요일 10:00~18:00","매주 월요일, 일요일","무료","","","가능","","","","","체험프로그램:
대관안내:
"
"3335691","최인아책방","06149","","","서울특별시 강남구 선릉로 521 (역삼동) 4층","37.5061041798","127.0479247426","최인아책방은 6 000 여 권의 장서를 갖춘 중형 서점이자 강연  모임  콘서트 등이 활발하게 이루어지는 복합문화공간이다. 책방 주인이 선별한 좋은 책들이 주제별로 진열되어 있고  지인들이 추천한 책 안에는 추천 이유를 진솔하게 적은 북카드가 들어있어 자신에게 필요한 책을 쉽게 선택할 수 있다. 이 책방의 클래식한 공간은 커피와 함께 책 읽기 좋도록 서재 같은 느낌으로 인테리어 되어있다.","","","","12:00~19:00<br>
※ 방문 전 전화 문의 필수","연중무휴","무료","","","가능","","","","","체험프로그램:
:
"
"3368708","한지가헌","03055","","","서울특별시 종로구 북촌로 31-9 (재동) ","37.5795917241","126.9844201117","‘한지의 집’이라는 의미를 담은 한지가헌(Hanji House  韓紙家軒)은 (재)한국공예·디자인 문화진흥원이 운영하는 공간으로 전통 유산인 한지의 우수성을 널리 알리고 쓰임을 확대하기 위하여 설립되었다.
1층은 한지의 새로운 쓰임새를 발견하고 제안하는 전시관(한지마루)으로 구성되어 있으며  지하 1층은 소통공간으로 전국 18개 전통 한지 공방들과 전통 종이에 대한 정보를 전문적으로 구성한 한지자료저장소를 비롯하여  한지배움터  한지사진관으로 구성되어 운영된다.","","","","10:00~19:00<br>
※ 단, 매월 마지막 주 수요일 ‘문화가 있는 날’ 10:00~21:00까지 운영","매주 월요일 / 설·추석 당일 / 법정공휴일(일요일 제외)","[한지마루 전시] 무료<br>[한지사진관] 15,000원<br>※ 한지배움터, 한지사진관 사전 예약 필수","한지사진관 이용 시 한복 착용의 경우 한지사진관 10,000원(5,000원 할인)","한지배움터 50분<br>한지사진관 30분<br>워크숍 약 120시간","불가능","","","","","소장품현황:전국 18개 전통한지 공방의 한지 및 한국공예·디자인문화진흥원 한지분야 사업 결과물 등 	

예약안내:네이버 플레이스 혹은 02-741-6600

"
"3385165","서울특별시교육청 융합과학교육원","08799","","","서울특별시 관악구 낙성대로 101 (봉천동) ","37.4688680271","126.9594255163","서울시 관악구 봉천동에 위치한 서울특별시교육청 융합과학교육원은 과학 전시물을 조작하고 체험하며 과학적인 원리를 이해하고  탐구력 및 창의력을 신장시킬 수 있는 과학 체험 학습장이다. 또한 서울과학교육의 센터로서 학생들에게는 과학탐구 체험활동을 통하여 과학에 대한 관심과 흥미를 높이고  교원들에게는 다양한 연수 및 교수학습에 필요한 자료 제공을 통하여 전문성을 신장시킬 수 있도록 지원하며 일반 시민들에게는 과학체험학습의 장을 제공하여 과학 문화를 확산시키고자 한다.","","","","10:00~17:00","연중무휴","무료","","","가능 (55대)","1시간 무료 / 이후 5분당 150원","","","","체험프로그램:과학창의력교실 / 천문대 현장체험학습 / 동아리천문교실 / 토요가족천문교실 / 토요과학프로그램 등<br>
※ 자세한 사항은 홈페이지 참조
:
"
"3386124","강서아트리움","07719","","","서울특별시 강서구 가로공원로 195 (화곡동) ","37.5376050905","126.8376513443","강서아트리움은 ‘문화’와 ‘구민’의 소통을 통해 지역 문화를 활성화하고 구민의 삶을 다채롭게 하는 강서의 대표 문화 공간이다. 지역 사회와 함께하는 소중한 문화 예술의 장으로서 고귀한 예술과 다양한 문화의 만남을 즐길 수 있는 공간이다. 예술의 향연과 창의성이 넘치는 전시들이 가득 찬 곳으로  강서구 주민들에게 풍요로운 문화 경험을 선사한다. 또한 문화예술 강좌를 통해 누구나 저렴한 비용으로 전문지식과 다양한 형태의 학습 기회를 접할 수 있으며  다양한 세대  다양한 관심을 가진 사람들이 함께 모여 즐거움과 배움을 나눌 수 있다.","","","","- 평일 10:00~20:00<br>
- 토요일 10:00~17:00","매주 일요일 / 공휴일","공연 별로 상이함","","","가능 (31대)","10분당 500원","","","","체험프로그램:문화강좌<br>
※ 일정 별로 진행하는 프로그램이 상이하므로 자세한 사항은 홈페이지 참조
:
"
"3386145","국립어린이청소년도서관","06130","","","서울특별시 강남구 테헤란로7길 21 (역삼동) ","37.5007239303","127.0301681782","국립어린이청소년도서관은 우리 미래 세대의 지적 성장과 올바른 인성 함양을 위해 전 세계 어린이·청소년 자료를 보유하고 지식 정보에 쉽게 접근하고 활용할 수 있는 서비스를 제공하고 있다. 다양한 문화적 경험을 할 수 있는 체험 활동과 연구 지원을 수행하고 있으며  꿈 창작실  희망 창작실 등 어린이와 청소년들이 체험하며 직접 겪을 수 있는 프로그램을 통해 지식을 함양할 수 있는 곳이다.","","","","09:00~18:00","매월 둘째, 넷째 월요일<br>일요일을 제외한 관공서 공휴일 (단, 설연휴와 추석연휴 기간 중 일요일은 휴관)<br>임시휴관일 (특별한 사유로 관장이 필요하다고 인정한 경우)<br>※ 어린이날 개관","무료","","","가능<br>※ 도서관 주차장은 장애인 및 단체 견학 차량만 이용 가능<br>※ 도서관 방문하시는 분들은 ‘역삼문화공원 제1호 공영주차장’ 이용 요망","5분 당 300원","","","","체험프로그램:※ 일정 별로 진행하는 프로그램이 상이하므로 자세한 사항은 홈페이지 참조
:
"
"3483675","넷마블게임박물관","08393","","","서울특별시 구로구 디지털로26길 38 (구로동) 3층","37.4798989348","126.8953338198","넷마블게임박물관은 게임의 역사와 문화적 가치를 조명하고 있다. 국내외 게임 소장품을 만나볼 수 있는 전시 공간이며 다양한 게임 자료를 열람할 수 있는 학습 공간이자 게임을 직접 플레이할 수 있는 놀이 공간이다. 초기 콘솔 게임기부터 비디오 게임기  게임 소프트웨어  기타 게임 관련 소장품 등 게임 관련 소장품을 다수 보유하고 있다. 전시장은 게임 역사  게임 세상  게임 문화 등 3가지 테마로 구성되어 있으며  국내외 게임 산업의 발전사  게임의 메커니즘  게임 체험 공간 등 다양한 볼거리와 즐길거리를 제공한다. 특히  게임 문화 테마 공간의 '플레이 컬렉션'에서는 고전 아케이드  콘솔  PC 게임들을 즐길 수 있어  아이들에게는 재미를 제공하고 어른들에게는 추억을 선사한다.","","","","10:00~18:00 (입장 마감 17:30)","매주 월요일 / 매년 1월 1일 / 설·추석 전날 및 당일","- 성인 10,000원<br> - 청소년(13세 이상~18세 이하) 7,000원<br> - 어린이(48개월 이상~12세 이하) 5,000원","","","가능","박물관 관람 및 교육프로그램 참여 시, 2시간 무료","","","","체험프로그램:고전 아케이드 게임 / 콘솔 게임 / PC 게임
"
"3483980","함석헌기념관","01440","","","서울특별시 도봉구 도봉로123길 33-6 (쌍문동) ","37.6530146487","127.0348106527","함석헌기념관은 우리나라를 대표하는 인권 운동가로 '씨알의 소리'를 창간하고 시인  교육자  사상가  언론인  역사가로서의 삶을 살았던 함석헌 선생(1901~1989)을 기리기 위해 마지막 여생을 보내셨던 도봉구 쌍문동 집을 보존  리모델링하여 작은 기념관 형식으로 건립한 곳이다. 함석헌 선생이 생활하셨던 지상 1층은 선생의 유품 전시  발자취  영상 상영 등 전시실로 구성하였으며  창고로 사용하셨던 지하 1층은 세미나실  도서열람실  게스트룸 등 주민커뮤니티 공간으로 구성하였다. 그 외에도 씨알갤러리와 주민공간으로 유리온실과 앞마당 쉼터가 조성되어있다. 함석헌기념관은 작지만 알차고 의미 있는 함석헌 선생을 널리 알리고 주민들에게 편안하고 뜻깊은 공간이 될 수 있도록 최선을 다하고 있다.","","연면적 248.67㎡","","09:00~18:00","매주 월요일 / 1월 1일 / 설﻿·추석 연휴","무료","","","불가능","","","","",""
"3488525","에코스페이스 연의","08049","","","서울특별시 양천구 신정이펜1로 12 (신정동) ","37.5117497010","126.8342218274","서울 양천구에 위치한 에코스페이스연의는 도심 속 생태 가치를 품은 특별한 문화·생태체험학습 교육 공간이다. 국내 최초의 인공 저류지 공원인 연의공원을 배경으로  이곳은 사계절 내내 생물다양성의 아름다움을 경험할 수 있는 생태교육 중심지로 자리 잡고 있다. 특히  7~8월이면 연의 연못에 수 놓인 연꽃의 향연은 시민들의 쉼과 감동을 선사한다.
에코스페이스 연의는 양천구 관내 교육기관과 협력해 생물다양성 교육을 활발히 진행하고 있으며  생태적 감수성을 기르는 생생한 체험의 장으로도 사랑받고 있다. 건립 당시 5그루의 미루나무를 보존하며 자연과 공존하는 건축 방식을 실천해 서울시 건축상(우수상)을 수상한 점 또한 주목할 만하다.
지속가능한 도시 생태계의 모델이자 문화와 교육이 함께하는 에코스페이스 연의는 서울 시민 누구에게나 열려 있는 자연 속 힐링 공간이다. 도심 속 새로운 생태 경험을 시작하는 곳이 바로 에코스페이스 연의이다.","","","체험프로그램 회차 당 20명 이하","10:00~17:00","매주 월요일 / 법정공휴일","무료","","90분","불가능","","","","","체험프로그램:에코키즈스쿨 / 에코패밀리(유아  초등가족) 주말 프로그램 등<br>
※ 자세한 사항은 유선 문의
"
"407057","서울남산국악당","04626","","","서울특별시 중구 퇴계로34길 28 (필동2가) ","37.5597775194","126.9932865315","서울남산국악당은 2007년 전통공연예술의 진흥과 국악의 우수성을 알리기 위해 건립된 국악 전문 공연장이다. 한국의 역사적 전통과 정체성을 담고 있는 전통 한옥의 미감을 살리기 위해 지상 1층의 한옥 건축물을 기반으로 공연장을 지하에 배치한 구조는 주변 자연환경과 어우러져 다른 공연장과는 차별되는 멋을 느낄 수 있다. 특히 지하 1층 공연장 로비와 연결된 선큰가든(sunken garden) ‘침상원’은 경복궁 교태전(交泰殿  왕의 비거주 공간)의 느낌을 살린 계단식 정원으로 꾸며져 지하 공연장이지만 자연 채광과 아름다운 풍경을 선사해 준다.","","","공연장 : 300석","공연 별로 상이함","공연 별로 상이함","공연 별로 상이함","","","가능","","없음","","없음","사업내용:국악공연 및 강좌
예약안내:
"
"509267","두산갤러리","03129","","","서울특별시 종로구 종로33길 15 (연지동) ","37.5718651424","127.0010160404","2007년 서울에 개관한 두산아트센터 두산갤러리는 누구에게나 열려 있는 공간으로 관객들이 쉽고 재미있게 감상할 수 있는 편안한 공간을 지향한다. 전문가나 미술 애호가의 눈높이에 맞춘 전시가 아니라 누구나 편안하게 즐길 수 있는 갤러리이다. 갤러리 공간에만 국한된 것이 아니라 두산아트센터 내의 통로  계단  건물 로비  정문 등 전체가 갤러리로 활용되어 여러 가지 전시를 다양한 각도로 구성할 수 있다. 또한 무대와 조명  음향 등의 설치가 가능하도록 설계되어 설치 미술이나 행위예술  퍼포먼스 등의 공연도 가능하다.","","","","11:00~19:00","매주 일요일~월요일","무료","","","가능 (약 150대)","전시 관람 시 1시간 무료 / 초과 시 10분당 1,000원","없음","","없음",""
"690984","청와대 사랑채","03042","","","서울특별시 종로구 효자로13길 45 ","37.5824522900","126.9725822208","청와대 사랑채는 ‘누구에게나 열린 안식처’로 만남과 소통의 문화 공간으로 여행도서관 콘셉트의 공간이 곳곳에 구성되어 있으며 쉼이 있는 여행 전시로 특별함을 더한 곳이다. 청와대  주변에서 한국 전역까지 확장되는 여행을 통해 나만의 꿈을 펼쳐보는 시간을 가져볼 수 있다. 청와대사랑채는 2024년 6월 재개관 하였으며 1  2층의 전시실과 함께 편의시설로는 수유실  물품보관소  장애인화장실  기념품점 및 카페가 있다.","","","","09:00-18:00 (17:30 입장마감)","매주 화요일 (화요일이 공휴일인 경우 공휴일 다음 첫번째 평일 휴관) / 1월 1일","무료","","약 1시간","가능","청와대 사랑채 공영주차장 5분당 300원","가능","","없음","외국어 안내서비스:* 외국어 전시해설 시간<br />
[영어] 10시  2시<br />
[중국어] 10시  2시<br />
[일본어] 12시  4시<br />
* 모이는 곳 : 1층 안내데스크 앞<br />
* 접수 방법
- 10명 이상 단체 : 최소 3일 전 전화예약 (최대인원 30명)<br />
- 10명 미만 : 당일 현장 접수 가능<br />
* 예약관련 문의 : 02)723-0300<br />
<br />
※ 전시관 공사 기간 중에는 운영 중인 전시실만 관람 가능하며  전시해설은 약 15분간 진행됩니다.<br />
※ 휴관일(월요일)에는 전화접수 불가합니다.<br />
※ 예약시간으로부터 15분 이상 지각 시 취소될 수 있습니다.<br />
※ 영리를 목적으로 한 단체는 전시해설이 불가합니다.<br />
※ 원활한 전시해설의 진행을 위해  미취학 아동 및 단체는 참여하실 수 없습니다.<br />
※ 전시해설에 대한 녹취 및 영상 녹화는 해설사의 사전 승인 없이는 불가합니다.<br />
※ 전시관 사정에 의해 사전공지 없이 변동 및 취소될 수 있습니다.
예약안내:전시해설 : 전화 예약 가능 (02-722-0300)<br />
※ 최소 3일 전 전화 예약<br />
※ 최대인원 30명
 
외국인 예약안내:전시해설 : 전화 예약 가능 (02-722-0300)<br />
※ 최소 3일 전 전화 예약<br />
※ 최대인원 30명

한국어 안내서비스:수~월요일 (화요일 휴무)10:30 / 14:00
"
"719514","지식재산전문도서관","06133","","","서울특별시 강남구 테헤란로 131 한국지식재산센터 3층","37.5001351590","127.0329540519","한국지식재산연구원 지식재산전문도서관은 세계 각국의 지식재산 정보 및 전문자료를 수집·제공함으로써 지식재산분야의 학술연구기반 조성 및 정보교류의 허브 역할을 수행하고 있다. 국내외 지식재산 유관기관과의 정보교류를 통해 다양한 지식재산 정책정보 수집 및 협력 네트워크 구축에 노력하고 있으며  지식재산분야 고가·희귀 자료 및 온라인 DB  E-Journal 등 전문자료를 수집·제공하고 있다. 특히  2018년도에는 전국도서관 운영평가에서 전문도서관 부문 최우수상(문화체육부 장관상)을 수상하여 도서관 운영의 우수성 및 전문성을 인정받은 바 있다.","","","","10:00~17:00 (점심시간 12:00~13:00)","공휴일 / 대체휴무일 / 창립기념일 (12.9)","무료","","","불가능","","없음","","없음","사업내용:지식재산 관련 정보의 열람  복사 / 협정체결기관 대출 / 세미나실 무료 대관 / 특허기술거래 상담(한국발명진흥회)
"
